unique_image_id,showcase_index,source_group,mask_source,reference_rank,reference_path,candidate_pool_size,top5_count,reliable,reason,mask_support_ratio,mask_high_confidence_ratio,mask_confidence_mean,forward_backward_consistency_px,local_reprojection_error_px,mask_outside_photometric_residual_lab_l1,allowed_outside_max_abs,input_path,composite_path,contact_sheet_link
showcase_00_112_22_SKPPWBPEPE_2_34_13_Whole_MClo_114.149192_22.282896_120.74_124.801802,0,SKPPWBPEPE,manual,1,research\assets\distortion_segmentation_annotation_dataset\for_segmentation\images\104_22_SKPPWBPEPE_2_32_11_Whole_MBed_114.149199_22.282909_112.602_118.988693.png,5,5,False,insufficient_sift_features,0.000000,0.000000,0.000000,nan,nan,nan,0,research\assets\distortion_segmentation_annotation_dataset\for_segmentation\images\112_22_SKPPWBPEPE_2_34_13_Whole_MClo_114.149192_22.282896_120.74_124.801802.png,research\outputs\restoration_v2\reference_consistency\per_image\0\manual\composite.png,open3dhk_reference_consistency_contact_sheet.png
showcase_00_112_22_SKPPWBPEPE_2_34_13_Whole_MClo_114.149192_22.282896_120.74_124.801802,0,SKPPWBPEPE,sam,1,research\assets\distortion_segmentation_annotation_dataset\for_segmentation\images\104_22_SKPPWBPEPE_2_32_11_Whole_MBed_114.149199_22.282909_112.602_118.988693.png,5,5,False,insufficient_sift_features,0.000000,0.000000,0.000000,nan,nan,nan,0,research\assets\distortion_segmentation_annotation_dataset\for_segmentation\images\112_22_SKPPWBPEPE_2_34_13_Whole_MClo_114.149192_22.282896_120.74_124.801802.png,research\outputs\restoration_v2\reference_consistency\per_image\0\sam\composite.png,open3dhk_reference_consistency_contact_sheet.png
showcase_01_409_80_TZLZZHIOHT_1_203_1_D_Bed_1_114.144984_22.284617_88.68_30.932161,1,TZLZZHIOHT,manual,2,research\assets\distortion_segmentation_annotation_dataset\for_segmentation\images\908_80_TZLZZHIOHT_1_223_7_H_Bed_1_114.145256_22.284551_104.7825_28.531505.png,2,2,False,low_mask_confidence_or_consistency,0.988238,0.000933,0.000699,7.670696,nan,21.213348,0,research\assets\distortion_segmentation_annotation_dataset\for_segmentation\images\409_80_TZLZZHIOHT_1_203_1_D_Bed_1_114.144984_22.284617_88.68_30.932161.png,research\outputs\restoration_v2\reference_consistency\per_image\1\manual\composite.png,open3dhk_reference_consistency_contact_sheet.png
showcase_01_409_80_TZLZZHIOHT_1_203_1_D_Bed_1_114.144984_22.284617_88.68_30.932161,1,TZLZZHIOHT,sam,2,research\assets\distortion_segmentation_annotation_dataset\for_segmentation\images\908_80_TZLZZHIOHT_1_223_7_H_Bed_1_114.145256_22.284551_104.7825_28.531505.png,2,2,False,low_mask_confidence_or_consistency,0.988325,0.000907,0.000666,7.670696,nan,21.038002,0,research\assets\distortion_segmentation_annotation_dataset\for_segmentation\images\409_80_TZLZZHIOHT_1_203_1_D_Bed_1_114.144984_22.284617_88.68_30.932161.png,research\outputs\restoration_v2\reference_consistency\per_image\1\sam\composite.png,open3dhk_reference_consistency_contact_sheet.png
showcase_02_124_85_TZSITHMXHM_1_11_5_2_Bed_1_114.152023_22.27867_167.35_37.628964,2,TZSITHMXHM,manual,1,research\assets\distortion_segmentation_annotation_dataset\for_segmentation\images\121_85_TZSITHMXHM_1_11_2_2_Bed_1_114.152023_22.27867_159.01_37.628964.png,3,3,False,low_mask_confidence_or_consistency,0.582299,0.051223,0.032575,0.483068,0.591746,nan,0,research\assets\distortion_segmentation_annotation_dataset\for_segmentation\images\124_85_TZSITHMXHM_1_11_5_2_Bed_1_114.152023_22.27867_167.35_37.628964.png,research\outputs\restoration_v2\reference_consistency\per_image\2\manual\composite.png,open3dhk_reference_consistency_contact_sheet.png
showcase_02_124_85_TZSITHMXHM_1_11_5_2_Bed_1_114.152023_22.27867_167.35_37.628964,2,TZSITHMXHM,sam,1,research\assets\distortion_segmentation_annotation_dataset\for_segmentation\images\121_85_TZSITHMXHM_1_11_2_2_Bed_1_114.152023_22.27867_159.01_37.628964.png,3,3,False,low_mask_confidence_or_consistency,0.582299,0.051223,0.032575,0.483068,0.591746,nan,0,research\assets\distortion_segmentation_annotation_dataset\for_segmentation\images\124_85_TZSITHMXHM_1_11_5_2_Bed_1_114.152023_22.27867_167.35_37.628964.png,research\outputs\restoration_v2\reference_consistency\per_image\2\sam\composite.png,open3dhk_reference_consistency_contact_sheet.png
showcase_03_100_67_TZDSIHSXMT_1_10_10_C_Null_114.141834_22.282128_142.1873_171.551879,3,TZDSIHSXMT,manual,1,research\assets\distortion_segmentation_annotation_dataset\for_segmentation\images\111_67_TZDSIHSXMT_1_11_9_D_Null_114.141793_22.282123_139.2918_171.552498.png,1,1,True,ok,0.539323,0.202306,0.128682,0.015408,0.433447,nan,0,research\assets\distortion_segmentation_annotation_dataset\for_segmentation\images\100_67_TZDSIHSXMT_1_10_10_C_Null_114.141834_22.282128_142.1873_171.551879.png,research\outputs\restoration_v2\reference_consistency\per_image\3\manual\composite.png,open3dhk_reference_consistency_contact_sheet.png
showcase_03_100_67_TZDSIHSXMT_1_10_10_C_Null_114.141834_22.282128_142.1873_171.551879,3,TZDSIHSXMT,sam,1,research\assets\distortion_segmentation_annotation_dataset\for_segmentation\images\111_67_TZDSIHSXMT_1_11_9_D_Null_114.141793_22.282123_139.2918_171.552498.png,1,1,True,ok,0.539264,0.202332,0.128699,0.015408,0.433447,nan,0,research\assets\distortion_segmentation_annotation_dataset\for_segmentation\images\100_67_TZDSIHSXMT_1_10_10_C_Null_114.141834_22.282128_142.1873_171.551879.png,research\outputs\restoration_v2\reference_consistency\per_image\3\sam\composite.png,open3dhk_reference_consistency_contact_sheet.png
showcase_04_334_4_OSRRQRUXOU_1_110_1_D_Bed_2_114.150701_22.279246_166.77_131.407626,4,OSRRQRUXOU,manual,1,research\assets\distortion_segmentation_annotation_dataset\for_segmentation\images\132_4_OSRRQRUXOU_1_6_3_B_Living_114.150681_22.279431_168.752_37.350869.png,1,1,False,low_mask_confidence_or_consistency,0.310676,0.004375,0.002863,0.000047,0.000000,nan,0,research\assets\distortion_segmentation_annotation_dataset\for_segmentation\images\334_4_OSRRQRUXOU_1_110_1_D_Bed_2_114.150701_22.279246_166.77_131.407626.png,research\outputs\restoration_v2\reference_consistency\per_image\4\manual\composite.png,open3dhk_reference_consistency_contact_sheet.png
showcase_04_334_4_OSRRQRUXOU_1_110_1_D_Bed_2_114.150701_22.279246_166.77_131.407626,4,OSRRQRUXOU,sam,1,research\assets\distortion_segmentation_annotation_dataset\for_segmentation\images\132_4_OSRRQRUXOU_1_6_3_B_Living_114.150681_22.279431_168.752_37.350869.png,1,1,False,low_mask_confidence_or_consistency,0.310080,0.004280,0.002792,0.000047,0.000000,nan,0,research\assets\distortion_segmentation_annotation_dataset\for_segmentation\images\334_4_OSRRQRUXOU_1_110_1_D_Bed_2_114.150701_22.279246_166.77_131.407626.png,research\outputs\restoration_v2\reference_consistency\per_image\4\sam\composite.png,open3dhk_reference_consistency_contact_sheet.png
showcase_05_326_84_TZSHZHMRHM_1_11_7_C_Kitchen_114.150158_22.280246_161.8387_118.38845,5,TZSHZHMRHM,manual,1,research\assets\distortion_segmentation_annotation_dataset\for_segmentation\images\500_84_TZSHZHMRHM_1_16_21_C_Balcony_114.150199_22.28035_201.6335_27.739153.png,4,4,False,low_mask_confidence_or_consistency,0.978260,0.004699,0.003647,0.000573,0.000129,nan,0,research\assets\distortion_segmentation_annotation_dataset\for_segmentation\images\326_84_TZSHZHMRHM_1_11_7_C_Kitchen_114.150158_22.280246_161.8387_118.38845.png,research\outputs\restoration_v2\reference_consistency\per_image\5\manual\composite.png,open3dhk_reference_consistency_contact_sheet.png
showcase_05_326_84_TZSHZHMRHM_1_11_7_C_Kitchen_114.150158_22.280246_161.8387_118.38845,5,TZSHZHMRHM,sam,1,research\assets\distortion_segmentation_annotation_dataset\for_segmentation\images\500_84_TZSHZHMRHM_1_16_21_C_Balcony_114.150199_22.28035_201.6335_27.739153.png,4,4,False,low_mask_confidence_or_consistency,0.978260,0.004699,0.003647,0.000573,0.000129,nan,0,research\assets\distortion_segmentation_annotation_dataset\for_segmentation\images\326_84_TZSHZHMRHM_1_11_7_C_Kitchen_114.150158_22.280246_161.8387_118.38845.png,research\outputs\restoration_v2\reference_consistency\per_image\5\sam\composite.png,open3dhk_reference_consistency_contact_sheet.png
showcase_06_11_16_SKKYGPBEPE_1_1_15_A_Kitchen_114.151878_22.278839_167.6916_172.417722,6,SKKYGPBEPE,manual,1,research\assets\distortion_segmentation_annotation_dataset\for_segmentation\images\0_16_SKKYGPBEPE_1_1_4_A_Kitchen_114.151878_22.278839_138.42_172.417722.png,1,1,False,low_mask_confidence_or_consistency,0.928110,0.005985,0.004265,1.152192,0.000086,nan,0,research\assets\distortion_segmentation_annotation_dataset\for_segmentation\images\11_16_SKKYGPBEPE_1_1_15_A_Kitchen_114.151878_22.278839_167.6916_172.417722.png,research\outputs\restoration_v2\reference_consistency\per_image\6\manual\composite.png,open3dhk_reference_consistency_contact_sheet.png
showcase_06_11_16_SKKYGPBEPE_1_1_15_A_Kitchen_114.151878_22.278839_167.6916_172.417722,6,SKKYGPBEPE,sam,1,research\assets\distortion_segmentation_annotation_dataset\for_segmentation\images\0_16_SKKYGPBEPE_1_1_4_A_Kitchen_114.151878_22.278839_138.42_172.417722.png,1,1,False,low_mask_confidence_or_consistency,0.928110,0.005985,0.004265,1.152192,0.000086,nan,0,research\assets\distortion_segmentation_annotation_dataset\for_segmentation\images\11_16_SKKYGPBEPE_1_1_15_A_Kitchen_114.151878_22.278839_167.6916_172.417722.png,research\outputs\restoration_v2\reference_consistency\per_image\6\sam\composite.png,open3dhk_reference_consistency_contact_sheet.png
showcase_07_10_72_TZDZZHIAHT_1_1_11_F_Bed_1_114.144757_22.284454_117.7657_167.392177,7,TZDZZHIAHT,manual,0,,0,0,False,no_same_group_candidate,0.000000,0.000000,0.000000,nan,nan,nan,0,research\assets\distortion_segmentation_annotation_dataset\for_segmentation\images\10_72_TZDZZHIAHT_1_1_11_F_Bed_1_114.144757_22.284454_117.7657_167.392177.png,research\outputs\restoration_v2\reference_consistency\per_image\7\manual\composite.png,open3dhk_reference_consistency_contact_sheet.png
showcase_07_10_72_TZDZZHIAHT_1_1_11_F_Bed_1_114.144757_22.284454_117.7657_167.392177,7,TZDZZHIAHT,sam,0,,0,0,False,no_same_group_candidate,0.000000,0.000000,0.000000,nan,nan,nan,0,research\assets\distortion_segmentation_annotation_dataset\for_segmentation\images\10_72_TZDZZHIAHT_1_1_11_F_Bed_1_114.144757_22.284454_117.7657_167.392177.png,research\outputs\restoration_v2\reference_consistency\per_image\7\sam\composite.png,open3dhk_reference_consistency_contact_sheet.png
showcase_08_152_10_SKADBPYRPE_3_25_28_A_Bed_2_114.149297_22.282768_152.26_30.57121,8,SKADBPYRPE,manual,3,research\assets\distortion_segmentation_annotation_dataset\for_segmentation\images\134_10_SKADBPYRPE_3_25_10_A_Bed_2_114.149297_22.282768_101.86_30.57121.png,10,5,False,low_mask_confidence_or_consistency,0.409064,0.007221,0.005038,0.043480,0.001537,16.487106,0,research\assets\distortion_segmentation_annotation_dataset\for_segmentation\images\152_10_SKADBPYRPE_3_25_28_A_Bed_2_114.149297_22.282768_152.26_30.57121.png,research\outputs\restoration_v2\reference_consistency\per_image\8\manual\composite.png,open3dhk_reference_consistency_contact_sheet.png
showcase_08_152_10_SKADBPYRPE_3_25_28_A_Bed_2_114.149297_22.282768_152.26_30.57121,8,SKADBPYRPE,sam,2,research\assets\distortion_segmentation_annotation_dataset\for_segmentation\images\101_10_SKADBPYRPE_3_23_15_A_Bed_1_114.149293_22.282738_116.5839_124.207392.png,10,5,False,low_mask_confidence_or_consistency,0.697636,0.005767,0.004043,0.000089,0.000086,15.392815,0,research\assets\distortion_segmentation_annotation_dataset\for_segmentation\images\152_10_SKADBPYRPE_3_25_28_A_Bed_2_114.149297_22.282768_152.26_30.57121.png,research\outputs\restoration_v2\reference_consistency\per_image\8\sam\composite.png,open3dhk_reference_consistency_contact_sheet.png
showcase_09_11_62_TTSDZHIVHT_1_3_16_A_Living_114.13213_22.282362_109.46_60.14074,9,TTSDZHIVHT,manual,1,research\assets\distortion_segmentation_annotation_dataset\for_segmentation\images\10_62_TTSDZHIVHT_1_3_15_A_Living_114.13213_22.282362_106.55_60.14074.png,2,2,False,low_mask_confidence_or_consistency,1.000000,0.001157,0.002130,0.087176,nan,8.671452,0,research\assets\distortion_segmentation_annotation_dataset\for_segmentation\images\11_62_TTSDZHIVHT_1_3_16_A_Living_114.13213_22.282362_109.46_60.14074.png,research\outputs\restoration_v2\reference_consistency\per_image\9\manual\composite.png,open3dhk_reference_consistency_contact_sheet.png
showcase_09_11_62_TTSDZHIVHT_1_3_16_A_Living_114.13213_22.282362_109.46_60.14074,9,TTSDZHIVHT,sam,1,research\assets\distortion_segmentation_annotation_dataset\for_segmentation\images\10_62_TTSDZHIVHT_1_3_15_A_Living_114.13213_22.282362_106.55_60.14074.png,2,2,False,low_mask_confidence_or_consistency,1.000000,0.001224,0.002201,0.087176,nan,8.673459,0,research\assets\distortion_segmentation_annotation_dataset\for_segmentation\images\11_62_TTSDZHIVHT_1_3_16_A_Living_114.13213_22.282362_109.46_60.14074.png,research\outputs\restoration_v2\reference_consistency\per_image\9\sam\composite.png,open3dhk_reference_consistency_contact_sheet.png
showcase_10_332_11_SKBKBPEAPE_1_10_9_B_Living_114.148944_22.280819_177.7997_124.083485,10,SKBKBPEAPE,manual,2,research\assets\distortion_segmentation_annotation_dataset\for_segmentation\images\379_11_SKBKBPEAPE_1_11_20_C_Living_114.14895_22.280799_209.9949_29.870402.png,7,5,False,low_mask_confidence_or_consistency,0.986240,0.005379,0.003858,0.000031,0.000257,13.983611,0,research\assets\distortion_segmentation_annotation_dataset\for_segmentation\images\332_11_SKBKBPEAPE_1_10_9_B_Living_114.148944_22.280819_177.7997_124.083485.png,research\outputs\restoration_v2\reference_consistency\per_image\10\manual\composite.png,open3dhk_reference_consistency_contact_sheet.png
showcase_10_332_11_SKBKBPEAPE_1_10_9_B_Living_114.148944_22.280819_177.7997_124.083485,10,SKBKBPEAPE,sam,2,research\assets\distortion_segmentation_annotation_dataset\for_segmentation\images\379_11_SKBKBPEAPE_1_11_20_C_Living_114.14895_22.280799_209.9949_29.870402.png,7,5,False,low_mask_confidence_or_consistency,0.988837,0.005218,0.003804,0.000031,0.000257,14.400661,0,research\assets\distortion_segmentation_annotation_dataset\for_segmentation\images\332_11_SKBKBPEAPE_1_10_9_B_Living_114.148944_22.280819_177.7997_124.083485.png,research\outputs\restoration_v2\reference_consistency\per_image\10\sam\composite.png,open3dhk_reference_consistency_contact_sheet.png
showcase_11_291_41_SKSWBPWJPS_1_11_12_D_LivingDining_114.142098_22.284331_102.0552_26.061722,11,SKSWBPWJPS,manual,1,research\assets\distortion_segmentation_annotation_dataset\for_segmentation\images\682_41_SKSWBPWJPS_1_26_11_C_Bed_3_114.14224_22.28426_98.8981_26.096132.png,6,5,False,low_mask_confidence_or_consistency,0.953371,0.121841,0.074296,0.384369,0.874743,0.584939,0,research\assets\distortion_segmentation_annotation_dataset\for_segmentation\images\291_41_SKSWBPWJPS_1_11_12_D_LivingDining_114.142098_22.284331_102.0552_26.061722.png,research\outputs\restoration_v2\reference_consistency\per_image\11\manual\composite.png,open3dhk_reference_consistency_contact_sheet.png
showcase_11_291_41_SKSWBPWJPS_1_11_12_D_LivingDining_114.142098_22.284331_102.0552_26.061722,11,SKSWBPWJPS,sam,1,research\assets\distortion_segmentation_annotation_dataset\for_segmentation\images\682_41_SKSWBPWJPS_1_26_11_C_Bed_3_114.14224_22.28426_98.8981_26.096132.png,6,5,False,low_mask_confidence_or_consistency,0.939215,0.118675,0.072419,0.384369,0.874743,0.447815,0,research\assets\distortion_segmentation_annotation_dataset\for_segmentation\images\291_41_SKSWBPWJPS_1_11_12_D_LivingDining_114.142098_22.284331_102.0552_26.061722.png,research\outputs\restoration_v2\reference_consistency\per_image\11\sam\composite.png,open3dhk_reference_consistency_contact_sheet.png
showcase_12_126_27_SKPPWEPXPE_2_32_17_B_Living_114.146829_22.283221_127.9217_4.44512,12,SKPPWEPXPE,manual,1,research\assets\distortion_segmentation_annotation_dataset\for_segmentation\images\125_27_SKPPWEPXPE_2_32_16_B_Living_114.146829_22.283221_125.5633_4.44512.png,4,4,False,low_mask_confidence_or_consistency,0.973971,0.035941,0.027166,0.425352,1.031954,8.592787,0,research\assets\distortion_segmentation_annotation_dataset\for_segmentation\images\126_27_SKPPWEPXPE_2_32_17_B_Living_114.146829_22.283221_127.9217_4.44512.png,research\outputs\restoration_v2\reference_consistency\per_image\12\manual\composite.png,open3dhk_reference_consistency_contact_sheet.png
showcase_12_126_27_SKPPWEPXPE_2_32_17_B_Living_114.146829_22.283221_127.9217_4.44512,12,SKPPWEPXPE,sam,1,research\assets\distortion_segmentation_annotation_dataset\for_segmentation\images\125_27_SKPPWEPXPE_2_32_16_B_Living_114.146829_22.283221_125.5633_4.44512.png,4,4,False,low_mask_confidence_or_consistency,0.973232,0.008263,0.005522,0.425352,2.624905,8.517649,0,research\assets\distortion_segmentation_annotation_dataset\for_segmentation\images\126_27_SKPPWEPXPE_2_32_17_B_Living_114.146829_22.283221_127.9217_4.44512.png,research\outputs\restoration_v2\reference_consistency\per_image\12\sam\composite.png,open3dhk_reference_consistency_contact_sheet.png
showcase_13_1332_56_SSPPWYPXPS_1_26_18_G_Living_114.133475_22.285613_89.834_14.049906,13,SSPPWYPXPS,manual,1,research\assets\distortion_segmentation_annotation_dataset\for_segmentation\images\1328_56_SSPPWYPXPS_1_26_14_G_Living_114.133475_22.285613_78.3517_14.049906.png,5,5,True,ok,0.918581,0.207650,0.147198,0.184047,1.437105,9.406716,0,research\assets\distortion_segmentation_annotation_dataset\for_segmentation\images\1332_56_SSPPWYPXPS_1_26_18_G_Living_114.133475_22.285613_89.834_14.049906.png,research\outputs\restoration_v2\reference_consistency\per_image\13\manual\composite.png,open3dhk_reference_consistency_contact_sheet.png
showcase_13_1332_56_SSPPWYPXPS_1_26_18_G_Living_114.133475_22.285613_89.834_14.049906,13,SSPPWYPXPS,sam,1,research\assets\distortion_segmentation_annotation_dataset\for_segmentation\images\1328_56_SSPPWYPXPS_1_26_14_G_Living_114.133475_22.285613_78.3517_14.049906.png,5,5,False,low_mask_confidence_or_consistency,0.926302,0.195360,0.137948,0.184047,1.438501,13.711271,0,research\assets\distortion_segmentation_annotation_dataset\for_segmentation\images\1332_56_SSPPWYPXPS_1_26_18_G_Living_114.133475_22.285613_89.834_14.049906.png,research\outputs\restoration_v2\reference_consistency\per_image\13\sam\composite.png,open3dhk_reference_consistency_contact_sheet.png
showcase_14_322_73_TZHSTHMYHM_2_108_16_1_Kitchen_114.151702_22.278596_198.2771_116.042403,14,TZHSTHMYHM,manual,1,research\assets\distortion_segmentation_annotation_dataset\for_segmentation\images\323_73_TZHSTHMYHM_2_108_17_1_Kitchen_114.151702_22.278596_201.0533_116.042403.png,2,2,False,low_mask_confidence_or_consistency,0.942396,0.155211,0.094381,0.106098,1.759270,4.658280,0,research\assets\distortion_segmentation_annotation_dataset\for_segmentation\images\322_73_TZHSTHMYHM_2_108_16_1_Kitchen_114.151702_22.278596_198.2771_116.042403.png,research\outputs\restoration_v2\reference_consistency\per_image\14\manual\composite.png,open3dhk_reference_consistency_contact_sheet.png
showcase_14_322_73_TZHSTHMYHM_2_108_16_1_Kitchen_114.151702_22.278596_198.2771_116.042403,14,TZHSTHMYHM,sam,1,research\assets\distortion_segmentation_annotation_dataset\for_segmentation\images\323_73_TZHSTHMYHM_2_108_17_1_Kitchen_114.151702_22.278596_201.0533_116.042403.png,2,2,False,low_mask_confidence_or_consistency,0.949924,0.101880,0.061377,0.106098,1.851115,4.399230,0,research\assets\distortion_segmentation_annotation_dataset\for_segmentation\images\322_73_TZHSTHMYHM_2_108_16_1_Kitchen_114.151702_22.278596_198.2771_116.042403.png,research\outputs\restoration_v2\reference_consistency\per_image\14\sam\composite.png,open3dhk_reference_consistency_contact_sheet.png
showcase_15_666_87_TZSNTHIAHM_1_24_25_D_LivingDining_114.153352_22.279546_181.8143_27.165863,15,TZSNTHIAHM,manual,2,research\assets\distortion_segmentation_annotation_dataset\for_segmentation\images\589_87_TZSNTHIAHM_1_22_6_D_MBed_114.153306_22.27957_126.6132_27.165863.png,3,3,False,low_mask_confidence_or_consistency,0.991047,0.000000,0.000000,0.122263,nan,13.228038,0,research\assets\distortion_segmentation_annotation_dataset\for_segmentation\images\666_87_TZSNTHIAHM_1_24_25_D_LivingDining_114.153352_22.279546_181.8143_27.165863.png,research\outputs\restoration_v2\reference_consistency\per_image\15\manual\composite.png,open3dhk_reference_consistency_contact_sheet.png
showcase_15_666_87_TZSNTHIAHM_1_24_25_D_LivingDining_114.153352_22.279546_181.8143_27.165863,15,TZSNTHIAHM,sam,1,research\assets\distortion_segmentation_annotation_dataset\for_segmentation\images\650_87_TZSNTHIAHM_1_24_9_D_LivingDining_114.153352_22.279546_135.3114_27.165863.png,3,3,False,low_mask_confidence_or_consistency,0.983509,0.000000,0.000007,2.194840,nan,11.325614,0,research\assets\distortion_segmentation_annotation_dataset\for_segmentation\images\666_87_TZSNTHIAHM_1_24_25_D_LivingDining_114.153352_22.279546_181.8143_27.165863.png,research\outputs\restoration_v2\reference_consistency\per_image\15\sam\composite.png,open3dhk_reference_consistency_contact_sheet.png
showcase_16_1537_93_TZTNIHIYHM_1_39_44_F_Bed_2_114.149404_22.281903_256.0967_32.133977,16,TZTNIHIYHM,manual,5,research\assets\distortion_segmentation_annotation_dataset\for_segmentation\images\1501_93_TZTNIHIYHM_1_39_8_F_Bed_2_114.149404_22.281903_157.1767_32.133977.png,6,5,False,low_mask_confidence_or_consistency,0.586775,0.013943,0.009812,166.153992,0.066896,5.154018,0,research\assets\distortion_segmentation_annotation_dataset\for_segmentation\images\1537_93_TZTNIHIYHM_1_39_44_F_Bed_2_114.149404_22.281903_256.0967_32.133977.png,research\outputs\restoration_v2\reference_consistency\per_image\16\manual\composite.png,open3dhk_reference_consistency_contact_sheet.png
showcase_16_1537_93_TZTNIHIYHM_1_39_44_F_Bed_2_114.149404_22.281903_256.0967_32.133977,16,TZTNIHIYHM,sam,5,research\assets\distortion_segmentation_annotation_dataset\for_segmentation\images\1501_93_TZTNIHIYHM_1_39_8_F_Bed_2_114.149404_22.281903_157.1767_32.133977.png,6,5,False,low_mask_confidence_or_consistency,0.608186,0.012982,0.009135,166.153992,0.066896,5.248544,0,research\assets\distortion_segmentation_annotation_dataset\for_segmentation\images\1537_93_TZTNIHIYHM_1_39_44_F_Bed_2_114.149404_22.281903_256.0967_32.133977.png,research\outputs\restoration_v2\reference_consistency\per_image\16\sam\composite.png,open3dhk_reference_consistency_contact_sheet.png
showcase_17_637_3_OSRJURUXRU_1_31_20_D_MBed_114.151034_22.279006_200.6628_25.908724,17,OSRJURUXRU,manual,5,research\assets\distortion_segmentation_annotation_dataset\for_segmentation\images\749_3_OSRJURUXRU_2_58_33_D_Kitchen_114.151031_22.279003_237.28_25.908724.png,7,5,False,low_mask_confidence_or_consistency,0.712845,0.000433,0.000513,0.100697,nan,9.929738,0,research\assets\distortion_segmentation_annotation_dataset\for_segmentation\images\637_3_OSRJURUXRU_1_31_20_D_MBed_114.151034_22.279006_200.6628_25.908724.png,research\outputs\restoration_v2\reference_consistency\per_image\17\manual\composite.png,open3dhk_reference_consistency_contact_sheet.png
showcase_17_637_3_OSRJURUXRU_1_31_20_D_MBed_114.151034_22.279006_200.6628_25.908724,17,OSRJURUXRU,sam,2,research\assets\distortion_segmentation_annotation_dataset\for_segmentation\images\632_3_OSRJURUXRU_1_31_15_D_MBed_114.151034_22.279006_186.6848_25.908724.png,7,5,False,low_mask_confidence_or_consistency,0.861625,0.000349,0.000758,0.000000,nan,4.796103,0,research\assets\distortion_segmentation_annotation_dataset\for_segmentation\images\637_3_OSRJURUXRU_1_31_20_D_MBed_114.151034_22.279006_200.6628_25.908724.png,research\outputs\restoration_v2\reference_consistency\per_image\17\sam\composite.png,open3dhk_reference_consistency_contact_sheet.png
showcase_18_322_89_TZTMTHMJMM_1_25_19_D_Bed_1_114.145024_22.281708_213.4978_152.773372,18,TZTMTHMJMM,manual,0,,0,0,False,no_same_group_candidate,0.000000,0.000000,0.000000,nan,nan,nan,0,research\assets\distortion_segmentation_annotation_dataset\for_segmentation\images\322_89_TZTMTHMJMM_1_25_19_D_Bed_1_114.145024_22.281708_213.4978_152.773372.png,research\outputs\restoration_v2\reference_consistency\per_image\18\manual\composite.png,open3dhk_reference_consistency_contact_sheet.png
showcase_18_322_89_TZTMTHMJMM_1_25_19_D_Bed_1_114.145024_22.281708_213.4978_152.773372,18,TZTMTHMJMM,sam,0,,0,0,False,no_same_group_candidate,0.000000,0.000000,0.000000,nan,nan,nan,0,research\assets\distortion_segmentation_annotation_dataset\for_segmentation\images\322_89_TZTMTHMJMM_1_25_19_D_Bed_1_114.145024_22.281708_213.4978_152.773372.png,research\outputs\restoration_v2\reference_consistency\per_image\18\sam\composite.png,open3dhk_reference_consistency_contact_sheet.png
showcase_19_112_49_SSPPWDPXPS_1_3_17_A_Bed_1_114.13391_22.285112_86.4546_56.279381,19,SSPPWDPXPS,manual,1,research\assets\distortion_segmentation_annotation_dataset\for_segmentation\images\0_49_SSPPWDPXPS_1_1_11_A_MBed_114.133921_22.285144_68.64_56.982605.png,1,1,False,low_mask_confidence_or_consistency,0.000000,0.000000,0.000000,1.146992,nan,7.801205,0,research\assets\distortion_segmentation_annotation_dataset\for_segmentation\images\112_49_SSPPWDPXPS_1_3_17_A_Bed_1_114.13391_22.285112_86.4546_56.279381.png,research\outputs\restoration_v2\reference_consistency\per_image\19\manual\composite.png,open3dhk_reference_consistency_contact_sheet.png
showcase_19_112_49_SSPPWDPXPS_1_3_17_A_Bed_1_114.13391_22.285112_86.4546_56.279381,19,SSPPWDPXPS,sam,1,research\assets\distortion_segmentation_annotation_dataset\for_segmentation\images\0_49_SSPPWDPXPS_1_1_11_A_MBed_114.133921_22.285144_68.64_56.982605.png,1,1,False,low_mask_confidence_or_consistency,0.000000,0.000000,0.000000,1.146992,nan,7.801205,0,research\assets\distortion_segmentation_annotation_dataset\for_segmentation\images\112_49_SSPPWDPXPS_1_3_17_A_Bed_1_114.13391_22.285112_86.4546_56.279381.png,research\outputs\restoration_v2\reference_consistency\per_image\19\sam\composite.png,open3dhk_reference_consistency_contact_sheet.png
showcase_20_11_46_SSPPWBPXPS_1_1_22_A_Bed_1_114.133187_22.284774_101.8261_106.039006,20,SSPPWBPXPS,manual,1,research\assets\distortion_segmentation_annotation_dataset\for_segmentation\images\112_46_SSPPWBPXPS_1_3_19_A_Living_114.133194_22.284701_90.5225_106.038308.png,3,3,False,low_mask_confidence_or_consistency,0.000000,0.000000,0.000000,0.185355,nan,6.729376,0,research\assets\distortion_segmentation_annotation_dataset\for_segmentation\images\11_46_SSPPWBPXPS_1_1_22_A_Bed_1_114.133187_22.284774_101.8261_106.039006.png,research\outputs\restoration_v2\reference_consistency\per_image\20\manual\composite.png,open3dhk_reference_consistency_contact_sheet.png
showcase_20_11_46_SSPPWBPXPS_1_1_22_A_Bed_1_114.133187_22.284774_101.8261_106.039006,20,SSPPWBPXPS,sam,1,research\assets\distortion_segmentation_annotation_dataset\for_segmentation\images\112_46_SSPPWBPXPS_1_3_19_A_Living_114.133194_22.284701_90.5225_106.038308.png,3,3,False,low_mask_confidence_or_consistency,0.000000,0.000000,0.000000,0.185355,nan,6.729376,0,research\assets\distortion_segmentation_annotation_dataset\for_segmentation\images\11_46_SSPPWBPXPS_1_1_22_A_Bed_1_114.133187_22.284774_101.8261_106.039006.png,research\outputs\restoration_v2\reference_consistency\per_image\20\sam\composite.png,open3dhk_reference_consistency_contact_sheet.png
showcase_21_134_15_SKEYPPEAPE_1_5_32_A_MBed_114.148373_22.280541_240.3548_26.831315,21,SKEYPPEAPE,manual,3,research\assets\distortion_segmentation_annotation_dataset\for_segmentation\images\157_15_SKEYPPEAPE_1_6_27_A_Bed_2_114.148387_22.280512_225.6193_26.803866.png,14,5,False,low_mask_confidence_or_consistency,0.916047,0.000000,0.000000,0.085112,nan,3.385870,0,research\assets\distortion_segmentation_annotation_dataset\for_segmentation\images\134_15_SKEYPPEAPE_1_5_32_A_MBed_114.148373_22.280541_240.3548_26.831315.png,research\outputs\restoration_v2\reference_consistency\per_image\21\manual\composite.png,open3dhk_reference_consistency_contact_sheet.png
showcase_21_134_15_SKEYPPEAPE_1_5_32_A_MBed_114.148373_22.280541_240.3548_26.831315,21,SKEYPPEAPE,sam,3,research\assets\distortion_segmentation_annotation_dataset\for_segmentation\images\157_15_SKEYPPEAPE_1_6_27_A_Bed_2_114.148387_22.280512_225.6193_26.803866.png,14,5,False,low_mask_confidence_or_consistency,0.914880,0.000000,0.000000,0.085112,nan,3.385870,0,research\assets\distortion_segmentation_annotation_dataset\for_segmentation\images\134_15_SKEYPPEAPE_1_5_32_A_MBed_114.148373_22.280541_240.3548_26.831315.png,research\outputs\restoration_v2\reference_consistency\per_image\21\sam\composite.png,open3dhk_reference_consistency_contact_sheet.png
showcase_22_40_44_SSPPWBPEPK_1_2_17_A_MBed_114.152675_22.280637_116.9946_30.090764,22,SSPPWBPEPK,manual,1,research\assets\distortion_segmentation_annotation_dataset\for_segmentation\images\69_44_SSPPWBPEPK_1_5_18_A_Living_114.152629_22.280669_119.99_30.091299.png,10,5,False,low_mask_confidence_or_consistency,0.000000,0.000000,0.000000,0.798131,nan,10.575148,0,research\assets\distortion_segmentation_annotation_dataset\for_segmentation\images\40_44_SSPPWBPEPK_1_2_17_A_MBed_114.152675_22.280637_116.9946_30.090764.png,research\outputs\restoration_v2\reference_consistency\per_image\22\manual\composite.png,open3dhk_reference_consistency_contact_sheet.png
showcase_22_40_44_SSPPWBPEPK_1_2_17_A_MBed_114.152675_22.280637_116.9946_30.090764,22,SSPPWBPEPK,sam,2,research\assets\distortion_segmentation_annotation_dataset\for_segmentation\images\108_44_SSPPWBPEPK_1_8_15_C_Living_114.152563_22.280719_111.0554_29.822021.png,10,5,False,low_mask_confidence_or_consistency,1.000000,0.000000,0.000000,0.069424,nan,4.180256,0,research\assets\distortion_segmentation_annotation_dataset\for_segmentation\images\40_44_SSPPWBPEPK_1_2_17_A_MBed_114.152675_22.280637_116.9946_30.090764.png,research\outputs\restoration_v2\reference_consistency\per_image\22\sam\composite.png,open3dhk_reference_consistency_contact_sheet.png
showcase_23_203_13_SKEBGPEXPE_1_8_1_B_Living_114.148057_22.281298_157.79_9.094576,23,SKEBGPEXPE,manual,0,,0,0,False,no_same_group_candidate,0.000000,0.000000,0.000000,nan,nan,nan,0,research\assets\distortion_segmentation_annotation_dataset\for_segmentation\images\203_13_SKEBGPEXPE_1_8_1_B_Living_114.148057_22.281298_157.79_9.094576.png,research\outputs\restoration_v2\reference_consistency\per_image\23\manual\composite.png,open3dhk_reference_consistency_contact_sheet.png
showcase_23_203_13_SKEBGPEXPE_1_8_1_B_Living_114.148057_22.281298_157.79_9.094576,23,SKEBGPEXPE,sam,0,,0,0,False,no_same_group_candidate,0.000000,0.000000,0.000000,nan,nan,nan,0,research\assets\distortion_segmentation_annotation_dataset\for_segmentation\images\203_13_SKEBGPEXPE_1_8_1_B_Living_114.148057_22.281298_157.79_9.094576.png,research\outputs\restoration_v2\reference_consistency\per_image\23\sam\composite.png,open3dhk_reference_consistency_contact_sheet.png
