unique_image_id,showcase_index,rank,reference_path,retrieval_score,matches,inliers,inlier_ratio,forward_backward_consistency_px
showcase_00_112_22_SKPPWBPEPE_2_34_13_Whole_MClo_114.149192_22.282896_120.74_124.801802,0,1,research\assets\distortion_segmentation_annotation_dataset\for_segmentation\images\104_22_SKPPWBPEPE_2_32_11_Whole_MBed_114.149199_22.282909_112.602_118.988693.png,0.000000,0,0,0.000000,nan
showcase_00_112_22_SKPPWBPEPE_2_34_13_Whole_MClo_114.149192_22.282896_120.74_124.801802,0,2,research\assets\distortion_segmentation_annotation_dataset\for_segmentation\images\107_22_SKPPWBPEPE_2_34_8_Whole_MClo_114.149192_22.282896_102.83_124.801802.png,0.000000,0,0,0.000000,nan
showcase_00_112_22_SKPPWBPEPE_2_34_13_Whole_MClo_114.149192_22.282896_120.74_124.801802,0,3,research\assets\distortion_segmentation_annotation_dataset\for_segmentation\images\116_22_SKPPWBPEPE_3_35_18_Whole_MClo_114.149193_22.2829_133.895_128.853374.png,0.000000,0,0,0.000000,nan
showcase_00_112_22_SKPPWBPEPE_2_34_13_Whole_MClo_114.149192_22.282896_120.74_124.801802,0,4,research\assets\distortion_segmentation_annotation_dataset\for_segmentation\images\128_22_SKPPWBPEPE_3_36_21_Whole_MBed_114.1492_22.282911_144.375_118.988693.png,0.000000,0,0,0.000000,nan
showcase_00_112_22_SKPPWBPEPE_2_34_13_Whole_MClo_114.149192_22.282896_120.74_124.801802,0,5,research\assets\distortion_segmentation_annotation_dataset\for_segmentation\images\13_22_SKPPWBPEPE_1_14_7_Whole_MBed_114.149174_22.282959_99.13_13.395544.png,0.000000,0,0,0.000000,nan
showcase_01_409_80_TZLZZHIOHT_1_203_1_D_Bed_1_114.144984_22.284617_88.68_30.932161,1,1,research\assets\distortion_segmentation_annotation_dataset\for_segmentation\images\50_80_TZLZZHIOHT_1_3_1_A_Bed_1_114.145246_22.284661_87.97_28.093304.png,3.600000,10,6,0.600000,23.419975
showcase_01_409_80_TZLZZHIOHT_1_203_1_D_Bed_1_114.144984_22.284617_88.68_30.932161,1,2,research\assets\distortion_segmentation_annotation_dataset\for_segmentation\images\908_80_TZLZZHIOHT_1_223_7_H_Bed_1_114.145256_22.284551_104.7825_28.531505.png,2.769231,13,6,0.461538,7.670696
showcase_02_124_85_TZSITHMXHM_1_11_5_2_Bed_1_114.152023_22.27867_167.35_37.628964,2,1,research\assets\distortion_segmentation_annotation_dataset\for_segmentation\images\121_85_TZSITHMXHM_1_11_2_2_Bed_1_114.152023_22.27867_159.01_37.628964.png,20.302013,149,55,0.369128,0.483068
showcase_02_124_85_TZSITHMXHM_1_11_5_2_Bed_1_114.152023_22.27867_167.35_37.628964,2,2,research\assets\distortion_segmentation_annotation_dataset\for_segmentation\images\120_85_TZSITHMXHM_1_11_1_2_Bed_1_114.152023_22.27867_156.23_37.628964.png,10.010417,96,31,0.322917,0.297229
showcase_02_124_85_TZSITHMXHM_1_11_5_2_Bed_1_114.152023_22.27867_167.35_37.628964,2,3,research\assets\distortion_segmentation_annotation_dataset\for_segmentation\images\132_85_TZSITHMXHM_1_12_1_2_Bed_2_114.152037_22.278661_155.76_37.628964.png,8.928571,70,25,0.357143,0.106180
showcase_03_100_67_TZDSIHSXMT_1_10_10_C_Null_114.141834_22.282128_142.1873_171.551879,3,1,research\assets\distortion_segmentation_annotation_dataset\for_segmentation\images\111_67_TZDSIHSXMT_1_11_9_D_Null_114.141793_22.282123_139.2918_171.552498.png,246.621324,272,259,0.952206,0.015408
showcase_04_334_4_OSRRQRUXOU_1_110_1_D_Bed_2_114.150701_22.279246_166.77_131.407626,4,1,research\assets\distortion_segmentation_annotation_dataset\for_segmentation\images\132_4_OSRRQRUXOU_1_6_3_B_Living_114.150681_22.279431_168.752_37.350869.png,1.600000,10,4,0.400000,0.000047
showcase_05_326_84_TZSHZHMRHM_1_11_7_C_Kitchen_114.150158_22.280246_161.8387_118.38845,5,1,research\assets\distortion_segmentation_annotation_dataset\for_segmentation\images\500_84_TZSHZHMRHM_1_16_21_C_Balcony_114.150199_22.28035_201.6335_27.739153.png,1.666667,15,5,0.333333,0.000573
showcase_05_326_84_TZSHZHMRHM_1_11_7_C_Kitchen_114.150158_22.280246_161.8387_118.38845,5,2,research\assets\distortion_segmentation_annotation_dataset\for_segmentation\images\322_84_TZSHZHMRHM_1_11_3_C_Kitchen_114.150158_22.280246_150.2929_118.38845.png,0.000000,1,0,0.000000,nan
showcase_05_326_84_TZSHZHMRHM_1_11_7_C_Kitchen_114.150158_22.280246_161.8387_118.38845,5,3,research\assets\distortion_segmentation_annotation_dataset\for_segmentation\images\328_84_TZSHZHMRHM_1_11_9_C_Kitchen_114.150158_22.280246_167.6116_118.38845.png,0.000000,13,0,0.000000,nan
showcase_05_326_84_TZSHZHMRHM_1_11_7_C_Kitchen_114.150158_22.280246_161.8387_118.38845,5,4,research\assets\distortion_segmentation_annotation_dataset\for_segmentation\images\632_84_TZSHZHMRHM_1_20_25_B_Living_114.150097_22.280393_213.3829_27.369583.png,0.000000,10,0,0.000000,nan
showcase_06_11_16_SKKYGPBEPE_1_1_15_A_Kitchen_114.151878_22.278839_167.6916_172.417722,6,1,research\assets\distortion_segmentation_annotation_dataset\for_segmentation\images\0_16_SKKYGPBEPE_1_1_4_A_Kitchen_114.151878_22.278839_138.42_172.417722.png,3.200000,5,4,0.800000,1.152192
showcase_08_152_10_SKADBPYRPE_3_25_28_A_Bed_2_114.149297_22.282768_152.26_30.57121,8,1,research\assets\distortion_segmentation_annotation_dataset\for_segmentation\images\146_10_SKADBPYRPE_3_25_22_A_Bed_2_114.149297_22.282768_135.46_30.57121.png,16.810000,100,41,0.410000,0.200447
showcase_08_152_10_SKADBPYRPE_3_25_28_A_Bed_2_114.149297_22.282768_152.26_30.57121,8,2,research\assets\distortion_segmentation_annotation_dataset\for_segmentation\images\101_10_SKADBPYRPE_3_23_15_A_Bed_1_114.149293_22.282738_116.5839_124.207392.png,3.200000,5,4,0.800000,0.000089
showcase_08_152_10_SKADBPYRPE_3_25_28_A_Bed_2_114.149297_22.282768_152.26_30.57121,8,3,research\assets\distortion_segmentation_annotation_dataset\for_segmentation\images\134_10_SKADBPYRPE_3_25_10_A_Bed_2_114.149297_22.282768_101.86_30.57121.png,1.894737,19,6,0.315789,0.043480
showcase_08_152_10_SKADBPYRPE_3_25_28_A_Bed_2_114.149297_22.282768_152.26_30.57121,8,4,research\assets\distortion_segmentation_annotation_dataset\for_segmentation\images\100_10_SKADBPYRPE_3_23_14_A_Bed_1_114.149293_22.282738_113.8111_124.207392.png,0.000000,2,0,0.000000,nan
showcase_08_152_10_SKADBPYRPE_3_25_28_A_Bed_2_114.149297_22.282768_152.26_30.57121,8,5,research\assets\distortion_segmentation_annotation_dataset\for_segmentation\images\102_10_SKADBPYRPE_3_23_16_A_Bed_1_114.149293_22.282738_119.3567_124.207392.png,0.000000,6,0,0.000000,nan
showcase_09_11_62_TTSDZHIVHT_1_3_16_A_Living_114.13213_22.282362_109.46_60.14074,9,1,research\assets\distortion_segmentation_annotation_dataset\for_segmentation\images\10_62_TTSDZHIVHT_1_3_15_A_Living_114.13213_22.282362_106.55_60.14074.png,820.159683,883,851,0.963760,0.087176
showcase_09_11_62_TTSDZHIVHT_1_3_16_A_Living_114.13213_22.282362_109.46_60.14074,9,2,research\assets\distortion_segmentation_annotation_dataset\for_segmentation\images\124_62_TTSDZHIVHT_1_8_19_B_MBed_114.132182_22.282427_117.61_60.421978.png,45.714286,140,80,0.571429,0.812452
showcase_10_332_11_SKBKBPEAPE_1_10_9_B_Living_114.148944_22.280819_177.7997_124.083485,10,1,research\assets\distortion_segmentation_annotation_dataset\for_segmentation\images\171_11_SKBKBPEAPE_1_5_28_A_MBed_114.148897_22.28093_233.67_29.821748.png,3.200000,5,4,0.800000,0.000129
showcase_10_332_11_SKBKBPEAPE_1_10_9_B_Living_114.148944_22.280819_177.7997_124.083485,10,2,research\assets\distortion_segmentation_annotation_dataset\for_segmentation\images\379_11_SKBKBPEAPE_1_11_20_C_Living_114.14895_22.280799_209.9949_29.870402.png,3.200000,5,4,0.800000,0.000031
showcase_10_332_11_SKBKBPEAPE_1_10_9_B_Living_114.148944_22.280819_177.7997_124.083485,10,3,research\assets\distortion_segmentation_annotation_dataset\for_segmentation\images\203_11_SKBKBPEAPE_1_6_24_B_MBed_114.148949_22.2809_222.0286_29.797675.png,2.666667,6,4,0.666667,0.000004
showcase_10_332_11_SKBKBPEAPE_1_10_9_B_Living_114.148944_22.280819_177.7997_124.083485,10,4,research\assets\distortion_segmentation_annotation_dataset\for_segmentation\images\229_11_SKBKBPEAPE_1_7_14_B_Bed_1_114.148967_22.280886_192.8657_29.797675.png,2.285714,7,4,0.571429,0.001446
showcase_10_332_11_SKBKBPEAPE_1_10_9_B_Living_114.148944_22.280819_177.7997_124.083485,10,5,research\assets\distortion_segmentation_annotation_dataset\for_segmentation\images\134_11_SKBKBPEAPE_1_4_27_A_Bed_2_114.148876_22.280939_230.59_29.821748.png,1.777778,9,4,0.444444,0.000221
showcase_11_291_41_SKSWBPWJPS_1_11_12_D_LivingDining_114.142098_22.284331_102.0552_26.061722,11,1,research\assets\distortion_segmentation_annotation_dataset\for_segmentation\images\682_41_SKSWBPWJPS_1_26_11_C_Bed_3_114.14224_22.28426_98.8981_26.096132.png,90.206061,165,122,0.739394,0.384369
showcase_11_291_41_SKSWBPWJPS_1_11_12_D_LivingDining_114.142098_22.284331_102.0552_26.061722,11,2,research\assets\distortion_segmentation_annotation_dataset\for_segmentation\images\120_41_SKSWBPWJPS_1_5_9_A_Bed_3_114.142214_22.284343_93.7085_26.787469.png,71.215311,209,122,0.583732,1.111020
showcase_11_291_41_SKSWBPWJPS_1_11_12_D_LivingDining_114.142098_22.284331_102.0552_26.061722,11,3,research\assets\distortion_segmentation_annotation_dataset\for_segmentation\images\307_41_SKSWBPWJPS_1_11_28_D_LivingDining_114.142098_22.284331_146.15_26.061722.png,20.045455,88,42,0.477273,0.416646
showcase_11_291_41_SKSWBPWJPS_1_11_12_D_LivingDining_114.142098_22.284331_102.0552_26.061722,11,4,research\assets\distortion_segmentation_annotation_dataset\for_segmentation\images\168_41_SKSWBPWJPS_1_7_1_B_Bed_2_114.142148_22.284376_71.52_26.78793.png,3.681818,22,9,0.409091,2.581405
showcase_11_291_41_SKSWBPWJPS_1_11_12_D_LivingDining_114.142098_22.284331_102.0552_26.061722,11,5,research\assets\distortion_segmentation_annotation_dataset\for_segmentation\images\700_41_SKSWBPWJPS_1_28_1_C_LivingDining_114.142226_22.284267_71.06_26.096132.png,1.785714,14,5,0.357143,0.002654
showcase_12_126_27_SKPPWEPXPE_2_32_17_B_Living_114.146829_22.283221_127.9217_4.44512,12,1,research\assets\distortion_segmentation_annotation_dataset\for_segmentation\images\125_27_SKPPWEPXPE_2_32_16_B_Living_114.146829_22.283221_125.5633_4.44512.png,770.773931,982,870,0.885947,0.425352
showcase_12_126_27_SKPPWEPXPE_2_32_17_B_Living_114.146829_22.283221_127.9217_4.44512,12,2,research\assets\distortion_segmentation_annotation_dataset\for_segmentation\images\838_27_SKPPWEPXPE_5_95_23_B_Living_114.146827_22.283222_143.7132_4.44512.png,117.191283,413,220,0.532688,2.336663
showcase_12_126_27_SKPPWEPXPE_2_32_17_B_Living_114.146829_22.283221_127.9217_4.44512,12,3,research\assets\distortion_segmentation_annotation_dataset\for_segmentation\images\884_27_SKPPWEPXPE_5_96_43_C_Living_114.146858_22.283222_191.4552_4.44512.png,10.843373,83,30,0.361446,0.159870
showcase_12_126_27_SKPPWEPXPE_2_32_17_B_Living_114.146829_22.283221_127.9217_4.44512,12,4,research\assets\distortion_segmentation_annotation_dataset\for_segmentation\images\11_27_SKPPWEPXPE_1_12_11_D_Living_114.146959_22.283103_113.37_47.959628.png,6.000000,24,12,0.500000,18.667866
showcase_13_1332_56_SSPPWYPXPS_1_26_18_G_Living_114.133475_22.285613_89.834_14.049906,13,1,research\assets\distortion_segmentation_annotation_dataset\for_segmentation\images\1328_56_SSPPWYPXPS_1_26_14_G_Living_114.133475_22.285613_78.3517_14.049906.png,147.101871,481,266,0.553015,0.184047
showcase_13_1332_56_SSPPWYPXPS_1_26_18_G_Living_114.133475_22.285613_89.834_14.049906,13,2,research\assets\distortion_segmentation_annotation_dataset\for_segmentation\images\1325_56_SSPPWYPXPS_1_26_11_G_Living_114.133475_22.285613_69.74_14.049906.png,133.778061,392,229,0.584184,0.549271
showcase_13_1332_56_SSPPWYPXPS_1_26_18_G_Living_114.133475_22.285613_89.834_14.049906,13,3,research\assets\distortion_segmentation_annotation_dataset\for_segmentation\images\112_56_SSPPWYPXPS_1_3_17_A_Bed_2_114.133626_22.285476_86.4165_151.72097.png,2.666667,6,4,0.666667,0.001558
showcase_13_1332_56_SSPPWYPXPS_1_26_18_G_Living_114.133475_22.285613_89.834_14.049906,13,4,research\assets\distortion_segmentation_annotation_dataset\for_segmentation\images\100_56_SSPPWYPXPS_1_2_58_A_Bed_1_114.133656_22.285514_205.8096_59.74605.png,2.285714,7,4,0.571429,0.000261
showcase_13_1332_56_SSPPWYPXPS_1_26_18_G_Living_114.133475_22.285613_89.834_14.049906,13,5,research\assets\distortion_segmentation_annotation_dataset\for_segmentation\images\111_56_SSPPWYPXPS_1_3_16_A_Bed_2_114.133626_22.285476_83.5121_151.72097.png,0.000000,6,0,0.000000,nan
showcase_14_322_73_TZHSTHMYHM_2_108_16_1_Kitchen_114.151702_22.278596_198.2771_116.042403,14,1,research\assets\distortion_segmentation_annotation_dataset\for_segmentation\images\323_73_TZHSTHMYHM_2_108_17_1_Kitchen_114.151702_22.278596_201.0533_116.042403.png,513.091216,888,675,0.760135,0.106098
showcase_14_322_73_TZHSTHMYHM_2_108_16_1_Kitchen_114.151702_22.278596_198.2771_116.042403,14,2,research\assets\distortion_segmentation_annotation_dataset\for_segmentation\images\307_73_TZHSTHMYHM_2_107_23_1_Dining_114.151709_22.278586_218.1062_22.975402.png,0.000000,2,0,0.000000,nan
showcase_15_666_87_TZSNTHIAHM_1_24_25_D_LivingDining_114.153352_22.279546_181.8143_27.165863,15,1,research\assets\distortion_segmentation_annotation_dataset\for_segmentation\images\650_87_TZSNTHIAHM_1_24_9_D_LivingDining_114.153352_22.279546_135.3114_27.165863.png,21.153846,143,55,0.384615,2.194840
showcase_15_666_87_TZSNTHIAHM_1_24_25_D_LivingDining_114.153352_22.279546_181.8143_27.165863,15,2,research\assets\distortion_segmentation_annotation_dataset\for_segmentation\images\589_87_TZSNTHIAHM_1_22_6_D_MBed_114.153306_22.27957_126.6132_27.165863.png,16.161616,99,40,0.404040,0.122263
showcase_15_666_87_TZSNTHIAHM_1_24_25_D_LivingDining_114.153352_22.279546_181.8143_27.165863,15,3,research\assets\distortion_segmentation_annotation_dataset\for_segmentation\images\594_87_TZSNTHIAHM_1_22_11_D_MBed_114.153306_22.27957_141.1364_27.165863.png,13.360825,97,36,0.371134,1.217205
showcase_16_1537_93_TZTNIHIYHM_1_39_44_F_Bed_2_114.149404_22.281903_256.0967_32.133977,16,1,research\assets\distortion_segmentation_annotation_dataset\for_segmentation\images\1493_93_TZTNIHIYHM_1_38_46_F_Bed_1_114.149373_22.281923_261.5982_32.133977.png,212.580153,262,236,0.900763,0.019713
showcase_16_1537_93_TZTNIHIYHM_1_39_44_F_Bed_2_114.149404_22.281903_256.0967_32.133977,16,2,research\assets\distortion_segmentation_annotation_dataset\for_segmentation\images\1494_93_TZTNIHIYHM_1_38_47_F_Bed_1_114.149373_22.281923_264.34_32.133977.png,188.460905,243,214,0.880658,0.030423
showcase_16_1537_93_TZTNIHIYHM_1_39_44_F_Bed_2_114.149404_22.281903_256.0967_32.133977,16,3,research\assets\distortion_segmentation_annotation_dataset\for_segmentation\images\1480_93_TZTNIHIYHM_1_38_33_F_Bed_1_114.149373_22.281923_225.9551_32.133977.png,58.372414,145,92,0.634483,1.813863
showcase_16_1537_93_TZTNIHIYHM_1_39_44_F_Bed_2_114.149404_22.281903_256.0967_32.133977,16,4,research\assets\distortion_segmentation_annotation_dataset\for_segmentation\images\1478_93_TZTNIHIYHM_1_38_31_F_Bed_1_114.149373_22.281923_220.4716_32.133977.png,42.613636,132,75,0.568182,0.656126
showcase_16_1537_93_TZTNIHIYHM_1_39_44_F_Bed_2_114.149404_22.281903_256.0967_32.133977,16,5,research\assets\distortion_segmentation_annotation_dataset\for_segmentation\images\1501_93_TZTNIHIYHM_1_39_8_F_Bed_2_114.149404_22.281903_157.1767_32.133977.png,2.857143,35,10,0.285714,166.153992
showcase_17_637_3_OSRJURUXRU_1_31_20_D_MBed_114.151034_22.279006_200.6628_25.908724,17,1,research\assets\distortion_segmentation_annotation_dataset\for_segmentation\images\667_3_OSRJURUXRU_1_32_24_D_Bed_1_114.151017_22.27902_211.7728_25.908724.png,127.864560,443,238,0.537246,1.715429
showcase_17_637_3_OSRJURUXRU_1_31_20_D_MBed_114.151034_22.279006_200.6628_25.908724,17,2,research\assets\distortion_segmentation_annotation_dataset\for_segmentation\images\632_3_OSRJURUXRU_1_31_15_D_MBed_114.151034_22.279006_186.6848_25.908724.png,94.062615,543,226,0.416206,0.000000
showcase_17_637_3_OSRJURUXRU_1_31_20_D_MBed_114.151034_22.279006_200.6628_25.908724,17,3,research\assets\distortion_segmentation_annotation_dataset\for_segmentation\images\682_3_OSRJURUXRU_1_33_13_D_Bed_2_114.150999_22.279034_180.8584_25.908724.png,50.082840,169,92,0.544379,0.085377
showcase_17_637_3_OSRJURUXRU_1_31_20_D_MBed_114.151034_22.279006_200.6628_25.908724,17,4,research\assets\distortion_segmentation_annotation_dataset\for_segmentation\images\0_3_OSRJURUXRU_1_1_7_A_Living_114.150882_22.279085_164.28_32.825845.png,29.121212,33,31,0.939394,0.040662
showcase_17_637_3_OSRJURUXRU_1_31_20_D_MBed_114.151034_22.279006_200.6628_25.908724,17,5,research\assets\distortion_segmentation_annotation_dataset\for_segmentation\images\749_3_OSRJURUXRU_2_58_33_D_Kitchen_114.151031_22.279003_237.28_25.908724.png,22.860627,287,81,0.282230,0.100697
showcase_19_112_49_SSPPWDPXPS_1_3_17_A_Bed_1_114.13391_22.285112_86.4546_56.279381,19,1,research\assets\distortion_segmentation_annotation_dataset\for_segmentation\images\0_49_SSPPWDPXPS_1_1_11_A_MBed_114.133921_22.285144_68.64_56.982605.png,65.613861,303,141,0.465347,1.146992
showcase_20_11_46_SSPPWBPXPS_1_1_22_A_Bed_1_114.133187_22.284774_101.8261_106.039006,20,1,research\assets\distortion_segmentation_annotation_dataset\for_segmentation\images\112_46_SSPPWBPXPS_1_3_19_A_Living_114.133194_22.284701_90.5225_106.038308.png,186.946588,337,251,0.744807,0.185355
showcase_20_11_46_SSPPWBPXPS_1_1_22_A_Bed_1_114.133187_22.284774_101.8261_106.039006,20,2,research\assets\distortion_segmentation_annotation_dataset\for_segmentation\images\121_46_SSPPWBPXPS_1_3_28_A_Living_114.133194_22.284701_116.4567_106.038308.png,124.540541,296,192,0.648649,1.634854
showcase_20_11_46_SSPPWBPXPS_1_1_22_A_Bed_1_114.133187_22.284774_101.8261_106.039006,20,3,research\assets\distortion_segmentation_annotation_dataset\for_segmentation\images\156_46_SSPPWBPXPS_1_4_11_B_Living_114.13321_22.284687_68.96_13.981701.png,1.454545,11,4,0.363636,0.000111
showcase_21_134_15_SKEYPPEAPE_1_5_32_A_MBed_114.148373_22.280541_240.3548_26.831315,21,1,research\assets\distortion_segmentation_annotation_dataset\for_segmentation\images\141_15_SKEYPPEAPE_1_6_11_A_Bed_2_114.148387_22.280512_178.3541_26.803866.png,115.808108,370,207,0.559459,0.086111
showcase_21_134_15_SKEYPPEAPE_1_5_32_A_MBed_114.148373_22.280541_240.3548_26.831315,21,2,research\assets\distortion_segmentation_annotation_dataset\for_segmentation\images\594_15_SKEYPPEAPE_1_25_16_C_MBed_114.148279_22.280424_193.7967_27.568647.png,88.620879,182,127,0.697802,0.188307
showcase_21_134_15_SKEYPPEAPE_1_5_32_A_MBed_114.148373_22.280541_240.3548_26.831315,21,3,research\assets\distortion_segmentation_annotation_dataset\for_segmentation\images\157_15_SKEYPPEAPE_1_6_27_A_Bed_2_114.148387_22.280512_225.6193_26.803866.png,88.603221,683,246,0.360176,0.085112
showcase_21_134_15_SKEYPPEAPE_1_5_32_A_MBed_114.148373_22.280541_240.3548_26.831315,21,4,research\assets\distortion_segmentation_annotation_dataset\for_segmentation\images\600_15_SKEYPPEAPE_1_25_22_C_MBed_114.148279_22.280424_212.1833_27.568647.png,84.079602,201,130,0.646766,0.162924
showcase_21_134_15_SKEYPPEAPE_1_5_32_A_MBed_114.148373_22.280541_240.3548_26.831315,21,5,research\assets\distortion_segmentation_annotation_dataset\for_segmentation\images\169_15_SKEYPPEAPE_1_7_11_A_Living_114.148411_22.280499_178.4341_26.803866.png,81.550409,367,173,0.471390,0.117867
showcase_22_40_44_SSPPWBPEPK_1_2_17_A_MBed_114.152675_22.280637_116.9946_30.090764,22,1,research\assets\distortion_segmentation_annotation_dataset\for_segmentation\images\69_44_SSPPWBPEPK_1_5_18_A_Living_114.152629_22.280669_119.99_30.091299.png,77.554422,294,151,0.513605,0.798131
showcase_22_40_44_SSPPWBPEPK_1_2_17_A_MBed_114.152675_22.280637_116.9946_30.090764,22,2,research\assets\distortion_segmentation_annotation_dataset\for_segmentation\images\108_44_SSPPWBPEPK_1_8_15_C_Living_114.152563_22.280719_111.0554_29.822021.png,15.210000,100,39,0.390000,0.069424
showcase_22_40_44_SSPPWBPEPK_1_2_17_A_MBed_114.152675_22.280637_116.9946_30.090764,22,3,research\assets\distortion_segmentation_annotation_dataset\for_segmentation\images\29_44_SSPPWBPEPK_1_2_6_A_MBed_114.152675_22.280637_83.8254_30.090764.png,12.422535,142,42,0.295775,0.434999
showcase_22_40_44_SSPPWBPEPK_1_2_17_A_MBed_114.152675_22.280637_116.9946_30.090764,22,4,research\assets\distortion_segmentation_annotation_dataset\for_segmentation\images\101_44_SSPPWBPEPK_1_8_8_C_Living_114.152563_22.280719_90.6046_29.822021.png,12.355932,59,27,0.457627,0.488297
showcase_22_40_44_SSPPWBPEPK_1_2_17_A_MBed_114.152675_22.280637_116.9946_30.090764,22,5,research\assets\distortion_segmentation_annotation_dataset\for_segmentation\images\61_44_SSPPWBPEPK_1_5_10_A_Living_114.152629_22.280669_96.0885_30.091299.png,8.571429,105,30,0.285714,0.000000
