sample_id,source_group,split,category,severity,identity_candidate,mask_ratio,input_pseudo_psnr,input_pseudo_ssim_global,e1_pseudo_psnr,e1_pseudo_ssim_global,e1_mask_outside_max_abs,e1_mask_outside_mean_abs
image_patches_small/0_1314_25_SKPPWEPEPE_2_51_8_B_Living_0,1314_25_SKPPWEPEPE_2_51_8_B_Living,test,image_patches_small/clear_nostructure_imagine,light,False,0.02503827160493827,34.98257038160941,0.997402285149419,38.91244490453367,0.9990332411088997,0,0.0
image_patches_small/0_589_87_TZSNTHIAHM_1_22_6_D_MBed_0,589_87_TZSNTHIAHM_1_22_6_D_MBed,train,image_patches_small/clear_nostructure_imagine,medium,False,0.06004197530864198,32.478624194397796,0.9967462560269997,39.120144736538414,0.9993791374738872,0,0.0
image_patches_small/0_608_82_TZNITHIOHM_1_117_27_D_Bed_0,608_82_TZNITHIOHM_1_117_27_D_Bed,train,image_patches_small/clear_nostructure_imagine,medium,False,0.06136666666666667,30.5216687968986,0.9934459521519459,35.0398014152685,0.9978891822109456,0,0.0
image_patches_small/18_1325_56_SSPPWYPXPS_1_26_11_G_Living_18,1325_56_SSPPWYPXPS_1_26_11_G_Living,train,image_patches_small/clear_nostructure_imagine,light,False,0.015998765432098765,35.80687757565892,0.9921454357562066,42.732051315065334,0.9985263328718735,0,0.0
image_patches_small/19_1325_56_SSPPWYPXPS_1_26_11_G_Living_19,1325_56_SSPPWYPXPS_1_26_11_G_Living,train,image_patches_small/clear_nostructure_imagine,light,False,0.017493827160493827,35.20028399161565,0.9905755051574011,45.199182142629944,0.9992784947996368,0,0.0
image_patches_small/1_608_82_TZNITHIOHM_1_117_27_D_Bed_1,608_82_TZNITHIOHM_1_117_27_D_Bed,train,image_patches_small/clear_nostructure_imagine,medium,False,0.030879012345679014,32.960994140164686,0.9958710623933579,39.20560788474407,0.9991224561816785,0,0.0
image_patches_small/2_594_87_TZSNTHIAHM_1_22_11_D_MBed_2,594_87_TZSNTHIAHM_1_22_11_D_MBed,train,image_patches_small/clear_nostructure_imagine,medium,False,0.044660493827160495,33.5684571944482,0.9960028270033111,40.731150097273556,0.9993594250101328,0,0.0
image_patches_small/3_589_87_TZSNTHIAHM_1_22_6_D_MBed_3,589_87_TZSNTHIAHM_1_22_6_D_MBed,train,image_patches_small/clear_nostructure_imagine,medium,False,0.06560493827160493,31.295473697651932,0.9939309433315202,39.89383408422182,0.9992852608415703,0,0.0
image_patches_small/4_1325_56_SSPPWYPXPS_1_26_11_G_Living_4,1325_56_SSPPWYPXPS_1_26_11_G_Living,train,image_patches_small/clear_nostructure_imagine,medium,False,0.04700740740740741,31.982337254437457,0.9951590245132129,40.901446014687394,0.9994994080174968,0,0.0
image_patches_small/4_682_41_SKSWBPWJPS_1_26_11_C_Bed_4,682_41_SKSWBPWJPS_1_26_11_C_Bed,train,image_patches_small/clear_nostructure_imagine,light,False,0.022292592592592593,34.93608820863852,0.9961730362062912,40.466759774858176,0.9990584484028328,0,0.0
image_patches_small/6_594_30_SKPPWKPEPE_2_38_36_B_Living_6,594_30_SKPPWKPEPE_2_38_36_B_Living,test,image_patches_small/clear_nostructure_imagine,light,False,0.020717283950617282,31.699957410932424,0.9859171788215969,40.01995418198716,0.9980798679891655,0,0.0
image_patches_small/0_100_63_TTTSTHHXHM_1_6_12_B_Bed_0,100_63_TTTSTHHXHM_1_6_12_B_Bed,train,image_patches_small/clear_nostructure_noimagine,severe,False,0.14093703703703703,27.44020979384297,0.9826481702810471,34.69826209664611,0.9975506551951991,0,0.0
image_patches_small/0_102_10_SKADBPYRPE_3_23_16_A_Bed_0,102_10_SKADBPYRPE_3_23_16_A_Bed,train,image_patches_small/clear_nostructure_noimagine,severe,False,0.11744938271604938,27.968923475521933,0.946371990819126,31.997435582528663,0.9804662361782885,0,0.0
image_patches_small/0_112_41_SKSWBPWJPS_1_5_1_A_Bed_0,112_41_SKSWBPWJPS_1_5_1_A_Bed,train,image_patches_small/clear_nostructure_noimagine,severe,False,0.2697827160493827,24.95468361177627,0.9792969798724352,32.753180775809,0.9969341436854198,0,0.0
image_patches_small/0_113_41_SKSWBPWJPS_1_5_2_A_Bed_0,113_41_SKSWBPWJPS_1_5_2_A_Bed,train,image_patches_small/clear_nostructure_noimagine,severe,False,0.29232345679012345,24.668789637833292,0.9761139168937532,32.659733641574114,0.9966166841537347,0,0.0
image_patches_small/0_1145_30_SKPPWKPEPE_2_50_47_C_Bed_0,1145_30_SKPPWKPEPE_2_50_47_C_Bed,train,image_patches_small/clear_nostructure_noimagine,medium,False,0.10258024691358025,30.183190098274046,0.9938189386127148,40.0932576333755,0.9994974725475186,0,0.0
image_patches_small/0_11_5_OSRRQRUXUU_1_2_1_A_Bed_0,11_5_OSRRQRUXUU_1_2_1_A_Bed,train,image_patches_small/clear_nostructure_noimagine,medium,False,0.11304074074074075,28.72659009925846,0.991295134604177,37.24490133820939,0.999039005173499,0,0.0
image_patches_small/0_11_61_TTNTIHLEHM_1_1_13_A_Bed_0,11_61_TTNTIHLEHM_1_1_13_A_Bed,train,image_patches_small/clear_nostructure_noimagine,light,True,8.888888888888889e-05,43.57082732305056,0.9997434177153456,43.59629379501307,0.9997452912659824,0,0.0
image_patches_small/0_120_17_SKPDPPERPE_1_5_18_A_MBed_0,120_17_SKPDPPERPE_1_5_18_A_MBed,val,image_patches_small/clear_nostructure_noimagine,light,True,0.02655185185185185,35.641127897033776,0.9982671108463809,39.2240824521779,0.9993087839987645,0,0.0
image_patches_small/0_122_17_SKPDPPERPE_1_5_20_A_MBed_0,122_17_SKPDPPERPE_1_5_20_A_MBed,test,image_patches_small/clear_nostructure_noimagine,medium,False,0.034976543209876546,34.57367769794536,0.9975876546272315,38.38851773570882,0.9990716744258171,0,0.0
image_patches_small/0_126_17_SKPDPPERPE_1_5_24_A_MBed_0,126_17_SKPDPPERPE_1_5_24_A_MBed,val,image_patches_small/clear_nostructure_noimagine,medium,False,0.04039012345679013,34.19453585352659,0.997204128492734,38.801169046989266,0.9991506145319721,0,0.0
image_patches_small/0_12_86_TZSMTHISHM_1_1_13_A_LivingDining_0,12_86_TZSMTHISHM_1_1_13_A_LivingDining,test,image_patches_small/clear_nostructure_noimagine,severe,False,0.11305432098765432,26.952190732096742,0.9848502071455418,34.47524706401862,0.9977525958646418,0,0.0
image_patches_small/0_132_10_SKADBPYRPE_3_24_27_A_Bed_0,132_10_SKADBPYRPE_3_24_27_A_Bed,val,image_patches_small/clear_nostructure_noimagine,severe,False,0.10588024691358025,29.12085389845183,0.9881651989063274,36.658910852232594,0.9982286625432701,0,0.0
image_patches_small/0_13_22_SKPPWBPEPE_1_14_7_Whole_MBed_0,13_22_SKPPWBPEPE_1_14_7_Whole_MBed,train,image_patches_small/clear_nostructure_noimagine,severe,False,0.10318888888888889,26.3660368102462,0.974384910274393,37.40524886124223,0.9984138888933906,0,0.0
image_patches_small/0_229_78_TZIDZHMXHM_3_39_26_A_Utility_0,229_78_TZIDZHMXHM_3_39_26_A_Utility,train,image_patches_small/clear_nostructure_noimagine,severe,False,0.10877654320987655,28.683418036611524,0.9949809842895908,33.48514901729282,0.9985800108106342,0,0.0
image_patches_small/0_280_17_SKPDPPERPE_1_11_10_C_MBed_0,280_17_SKPDPPERPE_1_11_10_C_MBed,train,image_patches_small/clear_nostructure_noimagine,medium,False,0.010246913580246913,34.882776438698244,0.9989433052535613,36.09924768603261,0.9992283331917294,0,0.0
image_patches_small/0_30_89_TZTMTHMJMM_1_2_13_A_Bed_0,30_89_TZTMTHMJMM_1_2_13_A_Bed,train,image_patches_small/clear_nostructure_noimagine,severe,False,0.26496296296296296,25.38164826414963,0.9878109773113993,33.6866875445351,0.9985962678887023,0,0.0
image_patches_small/0_31_4_OSRRQRUXOU_1_3_10_A_Bed_0,31_4_OSRRQRUXOU_1_3_10_A_Bed,train,image_patches_small/clear_nostructure_noimagine,medium,False,0.0211641975308642,35.51281505408642,0.9985324013303604,38.61262980588287,0.9993163699803649,0,0.0
image_patches_small/0_325_38_SKPPWYPEPE_1_105_13_B_MBed_0,325_38_SKPPWYPEPE_1_105_13_B_MBed,train,image_patches_small/clear_nostructure_noimagine,medium,False,0.0776074074074074,29.00290424969837,0.9911506904814897,35.80945222306819,0.9983706355610092,0,0.0
image_patches_small/0_363_2_OSJDFRJRRU_1_14_2_D_Bed_0,363_2_OSJDFRJRRU_1_14_2_D_Bed,train,image_patches_small/clear_nostructure_noimagine,medium,False,0.046681481481481484,31.237680663881427,0.9973548881670398,35.31247127256962,0.9990768381284877,0,0.0
image_patches_small/0_379_11_SKBKBPEAPE_1_11_20_C_Living_0,379_11_SKBKBPEAPE_1_11_20_C_Living,val,image_patches_small/clear_nostructure_noimagine,severe,False,0.11161234567901235,28.013652227333786,0.9902462520575134,35.266759304423445,0.9985388652537761,0,0.0
image_patches_small/0_632_3_OSRJURUXRU_1_31_15_D_MBed_0,632_3_OSRJURUXRU_1_31_15_D_MBed,train,image_patches_small/clear_nostructure_noimagine,medium,False,0.058162962962962965,31.673310647633777,0.996704828358566,36.68734505625921,0.9990966812020231,0,0.0
image_patches_small/0_637_3_OSRJURUXRU_1_31_20_D_MBed_0,637_3_OSRJURUXRU_1_31_20_D_MBed,train,image_patches_small/clear_nostructure_noimagine,medium,False,0.05947283950617284,31.60221604963686,0.9964361715648423,36.44728937822001,0.9989925608108673,0,0.0
image_patches_small/0_650_86_TZSMTHISHM_1_24_13_D_LivingDining_0,650_86_TZSMTHISHM_1_24_13_D_LivingDining,test,image_patches_small/clear_nostructure_noimagine,severe,False,0.07058765432098765,29.985066494492692,0.9963757246566,34.79060706102643,0.998910032019592,0,0.0
image_patches_small/0_666_87_TZSNTHIAHM_1_24_25_D_LivingDining_0,666_87_TZSNTHIAHM_1_24_25_D_LivingDining,train,image_patches_small/clear_nostructure_noimagine,severe,False,0.11753703703703704,28.092621613240777,0.9917861573063864,35.21291324776942,0.9986163221045927,0,0.0
image_patches_small/0_667_3_OSRJURUXRU_1_32_24_D_Bed_0,667_3_OSRJURUXRU_1_32_24_D_Bed,val,image_patches_small/clear_nostructure_noimagine,severe,False,0.13369753086419753,28.040215573955862,0.9901631309445725,36.209749424107315,0.998789210507144,0,0.0
image_patches_small/0_682_41_SKSWBPWJPS_1_26_11_C_Bed_0,682_41_SKSWBPWJPS_1_26_11_C_Bed,train,image_patches_small/clear_nostructure_noimagine,medium,False,0.10254444444444444,28.431023301368906,0.9881868275998057,37.66390316550009,0.9987738113336224,0,0.0
image_patches_small/0_847_81_TZMNIHIXHM_1_22_43_C_MBed_0,847_81_TZMNIHIXHM_1_22_43_C_MBed,train,image_patches_small/clear_nostructure_noimagine,medium,False,0.00044691358024691357,37.43872554455236,0.9986150978998404,37.488249221197016,0.9986351259871014,0,0.0
image_patches_small/0_884_27_SKPPWEPXPE_5_96_43_C_Living_0,884_27_SKPPWEPXPE_5_96_43_C_Living,test,image_patches_small/clear_nostructure_noimagine,severe,False,0.10670123456790123,29.020623034095145,0.9936410140096444,36.2332654123638,0.9989702789757967,0,0.0
image_patches_small/0_90_78_TZIDZHMXHM_2_27_8_A_Utility_0,90_78_TZIDZHMXHM_2_27_8_A_Utility,val,image_patches_small/clear_nostructure_noimagine,severe,False,0.1115432098765432,28.411313864582596,0.9951408779175628,33.20811848626386,0.9986838311875749,0,0.0
image_patches_small/100_102_10_SKADBPYRPE_3_23_16_A_Bed_0,102_10_SKADBPYRPE_3_23_16_A_Bed,train,image_patches_small/clear_nostructure_noimagine,severe,False,0.12086666666666666,27.87819010027953,0.9286592006881916,31.963532854516412,0.9741876814451496,0,0.0
image_patches_small/100_120_17_SKPDPPERPE_1_5_18_A_MBed_0,120_17_SKPDPPERPE_1_5_18_A_MBed,val,image_patches_small/clear_nostructure_noimagine,medium,False,0.07065185185185185,30.680444379685447,0.9931093552729281,38.432349014970356,0.9991006319929452,0,0.0
image_patches_small/100_122_17_SKPDPPERPE_1_5_20_A_MBed_0,122_17_SKPDPPERPE_1_5_20_A_MBed,test,image_patches_small/clear_nostructure_noimagine,medium,False,0.07332839506172839,30.663183118609076,0.9927366875670891,38.94013985325286,0.9991303337826449,0,0.0
image_patches_small/100_126_17_SKPDPPERPE_1_5_24_A_MBed_0,126_17_SKPDPPERPE_1_5_24_A_MBed,val,image_patches_small/clear_nostructure_noimagine,severe,False,0.2582987654320988,25.841343071401425,0.9851895061083809,33.950513598761894,0.9981451190914616,0,0.0
image_patches_small/100_12_86_TZSMTHISHM_1_1_13_A_LivingDining_0,12_86_TZSMTHISHM_1_1_13_A_LivingDining,test,image_patches_small/clear_nostructure_noimagine,severe,False,0.11520123456790124,26.881133618435893,0.9846418041342703,34.48436349691802,0.9977631586737188,0,0.0
image_patches_small/100_134_15_SKEYPPEAPE_1_5_32_A_MBed_0,134_15_SKEYPPEAPE_1_5_32_A_MBed,test,image_patches_small/clear_nostructure_noimagine,severe,False,0.1054567901234568,27.473935250076586,0.9828397105286535,35.65447066721094,0.9979265105226088,0,0.0
image_patches_small/100_30_89_TZTMTHMJMM_1_2_13_A_Bed_0,30_89_TZTMTHMJMM_1_2_13_A_Bed,train,image_patches_small/clear_nostructure_noimagine,severe,False,0.2661654320987654,25.360221679759697,0.9877454449993437,33.673674226773045,0.9985920837723065,0,0.0
image_patches_small/100_31_4_OSRRQRUXOU_1_3_10_A_Bed_0,31_4_OSRRQRUXOU_1_3_10_A_Bed,train,image_patches_small/clear_nostructure_noimagine,severe,False,0.1564358024691358,27.558976793960447,0.9926037117492166,32.58066659789365,0.9978433664671833,0,0.0
image_patches_small/100_379_11_SKBKBPEAPE_1_11_20_C_Living_0,379_11_SKBKBPEAPE_1_11_20_C_Living,val,image_patches_small/clear_nostructure_noimagine,severe,False,0.11692098765432099,27.70691755011018,0.9897694869452136,35.05026967945619,0.9984948460733463,0,0.0
image_patches_small/100_396_11_SKBKBPEAPE_1_12_1_C_Bed_0,396_11_SKBKBPEAPE_1_12_1_C_Bed,train,image_patches_small/clear_nostructure_noimagine,severe,False,0.14976172839506172,25.996977550364008,0.9883703985948004,35.94392159416867,0.9990334661116281,0,0.0
image_patches_small/101_132_10_SKADBPYRPE_3_24_27_A_Bed_1,132_10_SKADBPYRPE_3_24_27_A_Bed,val,image_patches_small/clear_nostructure_noimagine,severe,False,0.15037901234567902,27.127213865214358,0.9848287886499428,33.408336771459034,0.9969517646617876,0,0.0
image_patches_small/12_134_15_SKEYPPEAPE_1_5_32_A_MBed_12,134_15_SKEYPPEAPE_1_5_32_A_MBed,test,image_patches_small/clear_nostructure_noimagine,light,True,0.01849135802469136,33.632934833004896,0.9602054937579824,46.87667109039494,0.9984624042284934,0,0.0
image_patches_small/13_156_86_TZSMTHISHM_1_6_12_A_Bath_13,156_86_TZSMTHISHM_1_6_12_A_Bath,train,image_patches_small/clear_nostructure_noimagine,light,True,0.018403703703703703,34.77798083136029,0.9859585616789014,43.62730998402639,0.9986159758343416,0,0.0
image_patches_small/14_1346_81_TZMNIHIXHM_1_34_25_E_MBed_14,1346_81_TZMNIHIXHM_1_34_25_E_MBed,train,image_patches_small/clear_nostructure_noimagine,light,True,0.01241604938271605,32.80605204036466,0.9701877835927927,41.12663280079836,0.995955498242979,0,0.0
image_patches_small/15_308_15_SKEYPPEAPE_1_12_10_B_MBed_15,308_15_SKEYPPEAPE_1_12_10_B_MBed,test,image_patches_small/clear_nostructure_noimagine,light,True,0.022230864197530863,35.93916360861994,0.9881994023466878,46.43604149407969,0.9990759468038656,0,0.0
image_patches_small/16_156_86_TZSMTHISHM_1_6_12_A_Bath_16,156_86_TZSMTHISHM_1_6_12_A_Bath,train,image_patches_small/clear_nostructure_noimagine,light,True,0.01508395061728395,36.568059935778166,0.992178092328231,45.01681482127197,0.9991039096946217,0,0.0
image_patches_small/17_156_86_TZSMTHISHM_1_6_12_A_Bath_17,156_86_TZSMTHISHM_1_6_12_A_Bath,train,image_patches_small/clear_nostructure_noimagine,light,True,0.01568395061728395,37.34233172256468,0.9915560093361016,44.63520342713514,0.9986990292512227,0,0.0
image_patches_small/1_1007_11_SKBKBPEAPE_1_106_36_G_Bed_1,1007_11_SKBKBPEAPE_1_106_36_G_Bed,train,image_patches_small/clear_nostructure_noimagine,medium,False,0.07639506172839507,27.676853886765755,0.9807912223506735,36.21776172711588,0.9976472575021602,0,0.0
image_patches_small/1_102_10_SKADBPYRPE_3_23_16_A_Bed_1,102_10_SKADBPYRPE_3_23_16_A_Bed,train,image_patches_small/clear_nostructure_noimagine,severe,False,0.034895061728395065,31.44730900261694,0.9968940818488592,33.51385974106848,0.9981473001134529,0,0.0
image_patches_small/1_10_61_TTNTIHLEHM_1_1_12_A_Bed_1,10_61_TTNTIHLEHM_1_1_12_A_Bed,test,image_patches_small/clear_nostructure_noimagine,medium,False,0.05207530864197531,33.224805627866175,0.9952769571160966,40.51503443599043,0.9992873024502807,0,0.0
image_patches_small/1_122_17_SKPDPPERPE_1_5_20_A_MBed_1,122_17_SKPDPPERPE_1_5_20_A_MBed,test,image_patches_small/clear_nostructure_noimagine,light,True,0.03952098765432099,33.995427173259486,0.9947277511539798,41.082990579609984,0.999099147930927,0,0.0
image_patches_small/1_132_10_SKADBPYRPE_3_24_27_A_Bed_1,132_10_SKADBPYRPE_3_24_27_A_Bed,val,image_patches_small/clear_nostructure_noimagine,medium,False,0.02505432098765432,34.0308756813334,0.9977198264000382,37.18369678957278,0.9990245563233086,0,0.0
image_patches_small/1_134_15_SKEYPPEAPE_1_5_32_A_MBed_1,134_15_SKEYPPEAPE_1_5_32_A_MBed,test,image_patches_small/clear_nostructure_noimagine,severe,False,0.10744691358024691,27.541490988087595,0.9831019821540701,35.80957017129768,0.9980164351494553,0,0.0
image_patches_small/1_1549_40_SKSSGPYXPE_1_39_36_H_Bed_1,1549_40_SKSSGPYXPE_1_39_36_H_Bed,train,image_patches_small/clear_nostructure_noimagine,medium,False,0.04458148148148148,28.521328528250898,0.96595904873239,37.59151520912502,0.9967587081668408,0,0.0
image_patches_small/1_168_41_SKSWBPWJPS_1_7_1_B_Bed_1,168_41_SKSWBPWJPS_1_7_1_B_Bed,test,image_patches_small/clear_nostructure_noimagine,severe,False,0.22520864197530865,25.776430421289138,0.9883129826434143,33.57001791135449,0.998246356891597,0,0.0
image_patches_small/1_1_11_SKBKBPEAPE_1_1_2_A_Living_1,1_11_SKBKBPEAPE_1_1_2_A_Living,train,image_patches_small/clear_nostructure_noimagine,medium,False,0.07596543209876543,28.530532761780982,0.977329276664561,38.26518506297903,0.9979289027969778,0,0.0
image_patches_small/1_229_78_TZIDZHMXHM_3_39_26_A_Utility_1,229_78_TZIDZHMXHM_3_39_26_A_Utility,train,image_patches_small/clear_nostructure_noimagine,medium,False,0.02818888888888889,33.638791048048255,0.9975362155499913,36.07102277523016,0.9986665074407208,0,0.0
image_patches_small/1_280_17_SKPDPPERPE_1_11_10_C_MBed_1,280_17_SKPDPPERPE_1_11_10_C_MBed,train,image_patches_small/clear_nostructure_noimagine,medium,False,0.041277777777777774,33.54204501796983,0.9971408777375895,38.12508264478257,0.9990882371965429,0,0.0
image_patches_small/1_31_4_OSRRQRUXOU_1_3_10_A_Bed_1,31_4_OSRRQRUXOU_1_3_10_A_Bed,train,image_patches_small/clear_nostructure_noimagine,light,True,0.02111851851851852,35.51725135087815,0.9985312689708309,38.62522062762388,0.9993170970293556,0,0.0
image_patches_small/1_631_86_TZSMTHISHM_1_23_23_D_Utility_1,631_86_TZSMTHISHM_1_23_23_D_Utility,train,image_patches_small/clear_nostructure_noimagine,severe,False,0.10433827160493828,29.113112395079874,0.992417944538543,36.27804978043811,0.9987935762349374,0,0.0
image_patches_small/1_682_41_SKSWBPWJPS_1_26_11_C_Bed_1,682_41_SKSWBPWJPS_1_26_11_C_Bed,train,image_patches_small/clear_nostructure_noimagine,medium,False,0.09468888888888889,30.526024677500658,0.9920769604004354,39.933229640520025,0.9992208900307789,0,0.0
image_patches_small/1_847_81_TZMNIHIXHM_1_22_43_C_MBed_1,847_81_TZMNIHIXHM_1_22_43_C_MBed,train,image_patches_small/clear_nostructure_noimagine,medium,False,0.04629135802469136,32.63166334897686,0.9949926868491678,39.695126410169046,0.9992136194578554,0,0.0
image_patches_small/1_90_78_TZIDZHMXHM_2_27_8_A_Utility_1,90_78_TZIDZHMXHM_2_27_8_A_Utility,val,image_patches_small/clear_nostructure_noimagine,medium,False,0.007519753086419753,35.54667636659246,0.9991365234032119,36.08924708812474,0.9992563662296399,0,0.0
image_patches_small/2_0_24_SKPPWDPXPS_1_1_6_A_LivingDining_2,0_24_SKPPWDPXPS_1_1_6_A_LivingDining,train,image_patches_small/clear_nostructure_noimagine,medium,False,0.04185925925925926,32.8374102498299,0.9947734681837272,40.5734825207405,0.9991904235072908,0,0.0
image_patches_small/2_102_10_SKADBPYRPE_3_23_16_A_Bed_2,102_10_SKADBPYRPE_3_23_16_A_Bed,train,image_patches_small/clear_nostructure_noimagine,medium,False,0.08391604938271605,30.47144008791532,0.9938078790109416,37.25752615473426,0.9988663549784121,0,0.0
image_patches_small/2_1145_30_SKPPWKPEPE_2_50_47_C_Bed_2,1145_30_SKPPWKPEPE_2_50_47_C_Bed,train,image_patches_small/clear_nostructure_noimagine,medium,False,0.06590987654320987,31.35555255544697,0.9949457013986809,38.72485119437227,0.9992416416169336,0,0.0
image_patches_small/2_132_10_SKADBPYRPE_3_24_27_A_Bed_2,132_10_SKADBPYRPE_3_24_27_A_Bed,val,image_patches_small/clear_nostructure_noimagine,light,True,0.006209876543209877,39.35627865057139,0.9968252522471639,42.13561976661307,0.9985612192415887,0,0.0
image_patches_small/2_134_10_SKADBPYRPE_3_25_10_A_Bed_2,134_10_SKADBPYRPE_3_25_10_A_Bed,train,image_patches_small/clear_nostructure_noimagine,medium,False,0.06609753086419753,32.10450630849169,0.9958494991463656,39.03251027130849,0.9992492009129301,0,0.0
image_patches_small/2_1494_93_TZTNIHIYHM_1_38_47_F_Bed_2,1494_93_TZTNIHIYHM_1_38_47_F_Bed,train,image_patches_small/clear_nostructure_noimagine,light,True,0.020853086419753086,31.667067854234823,0.9834818264355762,41.51903149562406,0.9983856522212737,0,0.0
image_patches_small/2_179_61_TTNTIHLEHM_1_17_8_C_Bed_2,179_61_TTNTIHLEHM_1_17_8_C_Bed,train,image_patches_small/clear_nostructure_noimagine,light,True,0.0006950617283950617,41.516737245909496,0.9995840099974308,41.742760259235716,0.9996107634155827,0,0.0
image_patches_small/2_1_11_SKBKBPEAPE_1_1_2_A_Living_2,1_11_SKBKBPEAPE_1_1_2_A_Living,train,image_patches_small/clear_nostructure_noimagine,light,True,0.03557901234567901,33.7759382834549,0.9936398596443036,40.150359302301304,0.9987203619397895,0,0.0
image_patches_small/2_304_17_SKPDPPERPE_1_11_34_C_MBed_2,304_17_SKPDPPERPE_1_11_34_C_MBed,train,image_patches_small/clear_nostructure_noimagine,medium,False,0.0487716049382716,32.92273833908828,0.9961448843278702,39.06488337037694,0.9991396322386925,0,0.0
image_patches_small/2_307_41_SKSWBPWJPS_1_11_28_D_LivingDining_2,307_41_SKSWBPWJPS_1_11_28_D_LivingDining,val,image_patches_small/clear_nostructure_noimagine,medium,False,0.02266172839506173,33.9849689512999,0.997026537931956,37.023743887701436,0.9986795410223855,0,0.0
image_patches_small/2_363_2_OSJDFRJRRU_1_14_2_D_Bed_2,363_2_OSJDFRJRRU_1_14_2_D_Bed,train,image_patches_small/clear_nostructure_noimagine,light,True,0.014728395061728395,35.76008417697991,0.9986529165326858,38.550709718589516,0.9993560593734055,0,0.0
image_patches_small/2_562_17_SKPDPPERPE_2_29_38_B_Living_2,562_17_SKPDPPERPE_2_29_38_B_Living,val,image_patches_small/clear_nostructure_noimagine,medium,False,0.037340740740740744,30.941660293699712,0.9858689883819279,39.20917944890056,0.9981987097131441,0,0.0
image_patches_small/2_594_86_TZSMTHISHM_1_22_15_D_Bath_2,594_86_TZSMTHISHM_1_22_15_D_Bath,train,image_patches_small/clear_nostructure_noimagine,medium,False,0.05467530864197531,32.43730985424651,0.9959024027483422,40.29420115182831,0.9993939935004099,0,0.0
image_patches_small/3_134_15_SKEYPPEAPE_1_5_32_A_MBed_3,134_15_SKEYPPEAPE_1_5_32_A_MBed,test,image_patches_small/clear_nostructure_noimagine,medium,False,0.07008271604938271,28.971649633858437,0.9865619585842587,36.91883956028836,0.9982804023188928,0,0.0
image_patches_small/3_13_22_SKPPWBPEPE_1_14_7_Whole_MBed_3,13_22_SKPPWBPEPE_1_14_7_Whole_MBed,train,image_patches_small/clear_nostructure_noimagine,light,True,0.01395925925925926,37.075918761874696,0.9980706907649536,40.947946021747455,0.9992621037794307,0,0.0
image_patches_small/3_308_15_SKEYPPEAPE_1_12_10_B_MBed_3,308_15_SKEYPPEAPE_1_12_10_B_MBed,test,image_patches_small/clear_nostructure_noimagine,light,True,0.05338271604938272,32.8060097456236,0.9889419496851746,43.48733497728563,0.9992148700141669,0,0.0
image_patches_small/3_30_89_TZTMTHMJMM_1_2_13_A_Bed_3,30_89_TZTMTHMJMM_1_2_13_A_Bed,train,image_patches_small/clear_nostructure_noimagine,light,True,0.06154197530864197,34.93608781168211,0.9972163078539966,43.64618976172136,0.9996757369951697,0,0.0
image_patches_small/3_325_38_SKPPWYPEPE_1_105_13_B_MBed_3,325_38_SKPPWYPEPE_1_105_13_B_MBed,train,image_patches_small/clear_nostructure_noimagine,light,True,0.032780246913580245,30.77036438418883,0.9598191083789157,41.77978630732042,0.9971910229384218,0,0.0
image_patches_small/3_396_11_SKBKBPEAPE_1_12_1_C_Bed_3,396_11_SKBKBPEAPE_1_12_1_C_Bed,train,image_patches_small/clear_nostructure_noimagine,light,True,0.03025925925925926,33.74079736790294,0.9927620394838156,41.31765984533465,0.9989078985769232,0,0.0
image_patches_small/3_631_86_TZSMTHISHM_1_23_23_D_Utility_3,631_86_TZSMTHISHM_1_23_23_D_Utility,train,image_patches_small/clear_nostructure_noimagine,medium,False,0.05467037037037037,32.13820005605923,0.9950435297014852,38.381333950736874,0.9989930389008355,0,0.0
image_patches_small/3_667_3_OSRJURUXRU_1_32_24_D_Bed_3,667_3_OSRJURUXRU_1_32_24_D_Bed,val,image_patches_small/clear_nostructure_noimagine,medium,False,0.05863827160493827,32.17156827716397,0.9949357871292521,39.13920769636322,0.9991658594478798,0,0.0
image_patches_small/3_908_80_TZLZZHIOHT_1_223_7_H_Bed_3,908_80_TZLZZHIOHT_1_223_7_H_Bed,test,image_patches_small/clear_nostructure_noimagine,medium,False,0.04657777777777778,31.478145867849623,0.9921522274061647,40.13131321026201,0.9990381765326987,0,0.0
image_patches_small/4_120_17_SKPDPPERPE_1_5_18_A_MBed_4,120_17_SKPDPPERPE_1_5_18_A_MBed,val,image_patches_small/clear_nostructure_noimagine,light,True,0.020464197530864196,36.18594242058763,0.9955898821166584,42.658803702734,0.9993456496430108,0,0.0
image_patches_small/4_122_17_SKPDPPERPE_1_5_20_A_MBed_4,122_17_SKPDPPERPE_1_5_20_A_MBed,test,image_patches_small/clear_nostructure_noimagine,light,True,0.023301234567901234,35.72547118144702,0.9947863395225859,43.23534522485232,0.9993145518673116,0,0.0
image_patches_small/4_134_10_SKADBPYRPE_3_25_10_A_Bed_4,134_10_SKADBPYRPE_3_25_10_A_Bed,train,image_patches_small/clear_nostructure_noimagine,light,True,0.03612716049382716,34.43279501288743,0.9958251556130225,41.61202390052031,0.9993403191383343,0,0.0
image_patches_small/4_179_61_TTNTIHLEHM_1_17_8_C_Bed_4,179_61_TTNTIHLEHM_1_17_8_C_Bed,train,image_patches_small/clear_nostructure_noimagine,light,True,0.04641358024691358,33.705147627880045,0.9945252005226265,43.54099565914257,0.9995155751980559,0,0.0
image_patches_small/4_396_11_SKBKBPEAPE_1_12_1_C_Bed_4,396_11_SKBKBPEAPE_1_12_1_C_Bed,train,image_patches_small/clear_nostructure_noimagine,light,True,0.027292592592592594,34.791356842095205,0.993805002279897,41.77284639146705,0.9989061808606914,0,0.0
image_patches_small/4_908_80_TZLZZHIOHT_1_223_7_H_Bed_4,908_80_TZLZZHIOHT_1_223_7_H_Bed,test,image_patches_small/clear_nostructure_noimagine,light,True,0.03716296296296296,34.82504748604289,0.9944271340053518,43.64761240617674,0.999332245591813,0,0.0
image_patches_small/5_1145_30_SKPPWKPEPE_2_50_47_C_Bed_5,1145_30_SKPPWKPEPE_2_50_47_C_Bed,train,image_patches_small/clear_nostructure_noimagine,medium,False,0.06880246913580247,31.82741724125217,0.9928007902219255,42.152343262152286,0.9994736723825675,0,0.0
image_patches_small/5_120_17_SKPDPPERPE_1_5_18_A_MBed_5,120_17_SKPDPPERPE_1_5_18_A_MBed,val,image_patches_small/clear_nostructure_noimagine,light,True,0.014730864197530865,40.54517464201743,0.9981535122747994,45.53172499441531,0.9994636768979608,0,0.0
image_patches_small/5_1325_56_SSPPWYPXPS_1_26_11_G_Living_5,1325_56_SSPPWYPXPS_1_26_11_G_Living,train,image_patches_small/clear_nostructure_noimagine,light,True,0.013892592592592592,36.57606879438954,0.9987329802756737,40.18374244075244,0.9995388920736298,0,0.0
image_patches_small/5_134_15_SKEYPPEAPE_1_5_32_A_MBed_5,134_15_SKEYPPEAPE_1_5_32_A_MBed,test,image_patches_small/clear_nostructure_noimagine,light,True,0.02999753086419753,32.12922321705128,0.9798675846636781,41.165029586700406,0.9980039716670406,0,0.0
image_patches_small/5_280_17_SKPDPPERPE_1_11_10_C_MBed_5,280_17_SKPDPPERPE_1_11_10_C_MBed,train,image_patches_small/clear_nostructure_noimagine,light,True,0.011393827160493827,37.268121065802895,0.998504182254759,39.429678113290365,0.9991371082500442,0,0.0
image_patches_small/5_325_38_SKPPWYPEPE_1_105_13_B_MBed_5,325_38_SKPPWYPEPE_1_105_13_B_MBed,train,image_patches_small/clear_nostructure_noimagine,light,True,0.029496296296296295,30.8856555430403,0.9611931448370059,41.58856780017597,0.9971128548023949,0,0.0
image_patches_small/5_631_86_TZSMTHISHM_1_23_23_D_Utility_5,631_86_TZSMTHISHM_1_23_23_D_Utility,train,image_patches_small/clear_nostructure_noimagine,medium,False,0.05908641975308642,30.393903890496105,0.9894072457383587,40.943670410914876,0.9992382681430448,0,0.0
image_patches_small/5_667_3_OSRJURUXRU_1_32_24_D_Bed_5,667_3_OSRJURUXRU_1_32_24_D_Bed,val,image_patches_small/clear_nostructure_noimagine,medium,False,0.07103580246913581,30.200056321676282,0.9874846006784944,39.03258112678243,0.9986725000723033,0,0.0
image_patches_small/6_0_24_SKPPWDPXPS_1_1_6_A_LivingDining_6,0_24_SKPPWDPXPS_1_1_6_A_LivingDining,train,image_patches_small/clear_nostructure_noimagine,light,True,0.029555555555555557,32.455724084813106,0.9895261101502486,40.74139639722912,0.9986028406404809,0,0.0
image_patches_small/6_11_5_OSRRQRUXUU_1_2_1_A_Bed_6,11_5_OSRRQRUXUU_1_2_1_A_Bed,train,image_patches_small/clear_nostructure_noimagine,medium,False,0.0598679012345679,32.52693931640027,0.9957626609717672,41.36615392693301,0.9995100039810901,0,0.0
image_patches_small/6_11_61_TTNTIHLEHM_1_1_13_A_Bed_6,11_61_TTNTIHLEHM_1_1_13_A_Bed,train,image_patches_small/clear_nostructure_noimagine,light,True,0.023687654320987656,35.47542343928717,0.9954173219994713,41.81299941565862,0.999044888609864,0,0.0
image_patches_small/6_122_17_SKPDPPERPE_1_5_20_A_MBed_6,122_17_SKPDPPERPE_1_5_20_A_MBed,test,image_patches_small/clear_nostructure_noimagine,light,True,0.02227037037037037,37.995218557125035,0.9963646252323951,46.04952649531973,0.999468796242412,0,0.0
image_patches_small/6_1493_93_TZTNIHIYHM_1_38_46_F_Bed_6,1493_93_TZTNIHIYHM_1_38_46_F_Bed,train,image_patches_small/clear_nostructure_noimagine,light,True,0.01122962962962963,34.87370066115,0.9872422943468663,41.2619573062896,0.9974470041598568,0,0.0
image_patches_small/6_1494_93_TZTNIHIYHM_1_38_47_F_Bed_6,1494_93_TZTNIHIYHM_1_38_47_F_Bed,train,image_patches_small/clear_nostructure_noimagine,light,True,0.013367901234567901,33.10969155453394,0.9806977866206802,38.85944121972587,0.9953423191783782,0,0.0
image_patches_small/7_134_15_SKEYPPEAPE_1_5_32_A_MBed_7,134_15_SKEYPPEAPE_1_5_32_A_MBed,test,image_patches_small/clear_nostructure_noimagine,light,True,0.02442469135802469,32.420666651581655,0.9752422741999568,41.79482499543993,0.9974751557325633,0,0.0
image_patches_small/7_56_15_SKEYPPEAPE_1_3_10_A_MBath_7,56_15_SKEYPPEAPE_1_3_10_A_MBath,train,image_patches_small/clear_nostructure_noimagine,medium,False,0.06050246913580247,32.3043965260863,0.993896242993232,42.72746824311583,0.9994985865159399,0,0.0
image_patches_small/7_594_86_TZSMTHISHM_1_22_15_D_Bath_7,594_86_TZSMTHISHM_1_22_15_D_Bath,train,image_patches_small/clear_nostructure_noimagine,light,True,0.022571604938271605,34.185440962747016,0.9938323784375824,44.426440199869916,0.9994288057234078,0,0.0
image_patches_small/7_631_86_TZSMTHISHM_1_23_23_D_Utility_7,631_86_TZSMTHISHM_1_23_23_D_Utility,train,image_patches_small/clear_nostructure_noimagine,medium,False,0.0625037037037037,29.559681235849705,0.9891361992567951,39.58211283877637,0.9990532248205107,0,0.0
image_patches_small/7_682_41_SKSWBPWJPS_1_26_11_C_Bed_7,682_41_SKSWBPWJPS_1_26_11_C_Bed,train,image_patches_small/clear_nostructure_noimagine,light,True,0.02288641975308642,31.980018622740594,0.9879728547973325,41.06191639881824,0.9986272645542519,0,0.0
image_patches_small/7_908_80_TZLZZHIOHT_1_223_7_H_Bed_7,908_80_TZLZZHIOHT_1_223_7_H_Bed,test,image_patches_small/clear_nostructure_noimagine,light,True,0.021682716049382714,33.52504697009063,0.9921932462894536,41.12588116114284,0.9986504727508949,0,0.0
image_patches_small/8_0_24_SKPPWDPXPS_1_1_6_A_LivingDining_8,0_24_SKPPWDPXPS_1_1_6_A_LivingDining,train,image_patches_small/clear_nostructure_noimagine,light,True,0.03220987654320988,33.45059512160149,0.9939005624306911,41.94938500954477,0.9991962798681577,0,0.0
image_patches_small/8_1145_30_SKPPWKPEPE_2_50_47_C_Bed_8,1145_30_SKPPWKPEPE_2_50_47_C_Bed,train,image_patches_small/clear_nostructure_noimagine,light,True,0.04145679012345679,32.58023598126051,0.9930273780324079,41.027082177458766,0.9991177354369432,0,0.0
image_patches_small/8_134_10_SKADBPYRPE_3_25_10_A_Bed_8,134_10_SKADBPYRPE_3_25_10_A_Bed,train,image_patches_small/clear_nostructure_noimagine,light,True,0.01571111111111111,36.787456738151405,0.99696209635306,40.04325772249926,0.9985818732738341,0,0.0
image_patches_small/8_134_15_SKEYPPEAPE_1_5_32_A_MBed_8,134_15_SKEYPPEAPE_1_5_32_A_MBed,test,image_patches_small/clear_nostructure_noimagine,light,True,0.01929753086419753,34.56152086820358,0.9793318747205905,44.86459138881134,0.9986292029669418,0,0.0
image_patches_small/8_1_11_SKBKBPEAPE_1_1_2_A_Living_8,1_11_SKBKBPEAPE_1_1_2_A_Living,train,image_patches_small/clear_nostructure_noimagine,light,True,0.02490864197530864,35.53612112424615,0.9906520233243261,44.5202965313397,0.9989146744546492,0,0.0
image_patches_small/8_594_87_TZSNTHIAHM_1_22_11_D_MBed_8,594_87_TZSNTHIAHM_1_22_11_D_MBed,train,image_patches_small/clear_nostructure_noimagine,light,True,0.02829135802469136,31.868771806818895,0.9776725537254071,42.57303732538875,0.9984240870237664,0,0.0
image_patches_small/9_141_15_SKEYPPEAPE_1_6_11_A_Bed_9,141_15_SKEYPPEAPE_1_6_11_A_Bed,train,image_patches_small/clear_nostructure_noimagine,light,True,0.021680246913580246,32.54251847031525,0.9606361015242911,43.82388302618037,0.9973906860227723,0,0.0
image_patches_small/0_138_7_SEPPWDPXPE_1_5_19_A_Bed_0,138_7_SEPPWDPXPE_1_5_19_A_Bed,train,image_patches_small/clear_structure_imagine,severe,False,0.11182716049382715,25.524531501942583,0.9692574549111715,34.264652308014966,0.9965457867518482,0,0.0
image_patches_small/0_590_2_OSJDFRJRRU_1_20_31_F_Bed_0,590_2_OSJDFRJRRU_1_20_31_F_Bed,val,image_patches_small/clear_structure_imagine,severe,False,0.23241604938271604,24.715020628878737,0.9857990982083374,34.65791448596585,0.998820341951197,0,0.0
image_patches_small/100_126_27_SKPPWEPXPE_2_32_17_B_Living_0,126_27_SKPPWEPXPE_2_32_17_B_Living,val,image_patches_small/clear_structure_imagine,severe,False,0.10968518518518519,29.032547075230525,0.9954870468623306,34.95939521537204,0.9989646014053931,0,0.0
image_patches_small/100_138_7_SEPPWDPXPE_1_5_19_A_Bed_0,138_7_SEPPWDPXPE_1_5_19_A_Bed,train,image_patches_small/clear_structure_imagine,severe,False,0.11066913580246913,25.464565313644627,0.9689783428258134,34.122173842783155,0.9964329615236439,0,0.0
image_patches_small/10_11_5_OSRRQRUXUU_1_2_1_A_Bed_10,11_5_OSRRQRUXUU_1_2_1_A_Bed,train,image_patches_small/clear_structure_imagine,light,False,0.022512345679012346,32.20374984020276,0.9873430428412433,39.520052051600345,0.9978405857672664,0,0.0
image_patches_small/10_1325_56_SSPPWYPXPS_1_26_11_G_Living_10,1325_56_SSPPWYPXPS_1_26_11_G_Living,train,image_patches_small/clear_structure_imagine,light,False,0.02115679012345679,30.960193232327438,0.986414352523621,41.93414845557372,0.9991368162614577,0,0.0
image_patches_small/11_11_5_OSRRQRUXUU_1_2_1_A_Bed_11,11_5_OSRRQRUXUU_1_2_1_A_Bed,train,image_patches_small/clear_structure_imagine,light,False,0.014144444444444444,34.07574901756647,0.9867917341878294,40.98381372750448,0.9975047673408908,0,0.0
image_patches_small/11_1325_56_SSPPWYPXPS_1_26_11_G_Living_11,1325_56_SSPPWYPXPS_1_26_11_G_Living,train,image_patches_small/clear_structure_imagine,light,False,0.025603703703703705,30.90930892139086,0.9640571611260491,39.44409477696607,0.9953344399779418,0,0.0
image_patches_small/11_179_61_TTNTIHLEHM_1_17_8_C_Bed_11,179_61_TTNTIHLEHM_1_17_8_C_Bed,train,image_patches_small/clear_structure_imagine,light,False,0.018085185185185187,34.078852292506056,0.9910013312908261,41.97903075597466,0.9986851505953221,0,0.0
image_patches_small/12_179_61_TTNTIHLEHM_1_17_8_C_Bed_12,179_61_TTNTIHLEHM_1_17_8_C_Bed,train,image_patches_small/clear_structure_imagine,light,False,0.01717037037037037,37.01079112336921,0.9913284983853696,45.538300082514425,0.9989604542484112,0,0.0
image_patches_small/2_594_30_SKPPWKPEPE_2_38_36_B_Living_2,594_30_SKPPWKPEPE_2_38_36_B_Living,test,image_patches_small/clear_structure_imagine,severe,False,0.06549506172839506,26.646826206568164,0.9815765414835435,34.31677859999023,0.9970165957937807,0,0.0
image_patches_small/2_608_82_TZNITHIOHM_1_117_27_D_Bed_2,608_82_TZNITHIOHM_1_117_27_D_Bed,train,image_patches_small/clear_structure_imagine,medium,False,0.05857654320987654,28.329965382676363,0.982600644233279,36.434448038791956,0.9975645487554096,0,0.0
image_patches_small/3_126_27_SKPPWEPXPE_2_32_17_B_Living_3,126_27_SKPPWEPXPE_2_32_17_B_Living,val,image_patches_small/clear_structure_imagine,light,False,0.026008641975308642,35.11815218612339,0.9960317777703921,42.09489637361475,0.9992931319761612,0,0.0
image_patches_small/3_29_44_SSPPWBPEPK_1_2_6_A_MBed_3,29_44_SSPPWBPEPK_1_2_6_A_MBed,train,image_patches_small/clear_structure_imagine,light,False,0.0205641975308642,35.45834758795392,0.9981107359843836,39.94991933585639,0.9993749804181357,0,0.0
image_patches_small/4_632_3_OSRJURUXRU_1_31_15_D_MBed_4,632_3_OSRJURUXRU_1_31_15_D_MBed,train,image_patches_small/clear_structure_imagine,light,False,0.042823456790123456,33.8569346958868,0.9950043783913665,41.7253633957135,0.9993162503757245,0,0.0
image_patches_small/5_608_82_TZNITHIOHM_1_117_27_D_Bed_5,608_82_TZNITHIOHM_1_117_27_D_Bed,train,image_patches_small/clear_structure_imagine,light,False,0.015112345679012346,35.12870170516549,0.9891803409114345,42.60697093501609,0.998254190746865,0,0.0
image_patches_small/6_1346_81_TZMNIHIXHM_1_34_25_E_MBed_6,1346_81_TZMNIHIXHM_1_34_25_E_MBed,train,image_patches_small/clear_structure_imagine,medium,False,0.02551851851851852,30.139246387503064,0.9741658119061468,37.48744163452743,0.995832356928051,0,0.0
image_patches_small/6_589_87_TZSNTHIAHM_1_22_6_D_MBed_6,589_87_TZSNTHIAHM_1_22_6_D_MBed,train,image_patches_small/clear_structure_imagine,light,False,0.026139506172839506,37.043814874702484,0.997437191035235,43.31060666434769,0.9994071355891058,0,0.0
image_patches_small/6_594_87_TZSNTHIAHM_1_22_11_D_MBed_6,594_87_TZSNTHIAHM_1_22_11_D_MBed,train,image_patches_small/clear_structure_imagine,light,False,0.024201234567901235,37.199399184274455,0.9975610554425709,43.460338803945476,0.9994543025310255,0,0.0
image_patches_small/7_11_61_TTNTIHLEHM_1_1_13_A_Bed_7,11_61_TTNTIHLEHM_1_1_13_A_Bed,train,image_patches_small/clear_structure_imagine,light,False,0.02369259259259259,34.83765627193511,0.9963231139057223,42.8248964937623,0.9994730200109679,0,0.0
image_patches_small/8_11_61_TTNTIHLEHM_1_1_13_A_Bed_8,11_61_TTNTIHLEHM_1_1_13_A_Bed,train,image_patches_small/clear_structure_imagine,light,False,0.04220493827160494,33.28717462788197,0.9939167800653139,42.95198787448782,0.9994171408808213,0,0.0
image_patches_small/0_0_24_SKPPWDPXPS_1_1_6_A_LivingDining_0,0_24_SKPPWDPXPS_1_1_6_A_LivingDining,train,image_patches_small/clear_structure_noimagine,medium,False,0.06299135802469136,30.42120676945953,0.9926558248963201,37.931724765465894,0.9988774767180759,0,0.0
image_patches_small/0_11_63_TTTSTHHXHM_1_1_12_A_Kitchen_0,11_63_TTTSTHHXHM_1_1_12_A_Kitchen,train,image_patches_small/clear_structure_noimagine,medium,False,0.07220493827160494,32.01046425013697,0.9964860529380449,39.583449994915505,0.9995041084991945,0,0.0
image_patches_small/0_120_41_SKSWBPWJPS_1_5_9_A_Bed_0,120_41_SKSWBPWJPS_1_5_9_A_Bed,train,image_patches_small/clear_structure_noimagine,severe,False,0.11064074074074073,27.098233302486243,0.98877386445206,35.24329379722862,0.9984873749193973,0,0.0
image_patches_small/0_141_15_SKEYPPEAPE_1_6_11_A_Bed_0,141_15_SKEYPPEAPE_1_6_11_A_Bed,train,image_patches_small/clear_structure_noimagine,severe,False,0.08668888888888888,26.86162933874283,0.9831548008390055,35.051136177497085,0.9978149876473272,0,0.0
image_patches_small/0_179_61_TTNTIHLEHM_1_17_8_C_Bed_0,179_61_TTNTIHLEHM_1_17_8_C_Bed,train,image_patches_small/clear_structure_noimagine,medium,False,0.04061851851851852,33.3702846976577,0.9986036750558589,36.327039637457524,0.9993391107081088,0,0.0
image_patches_small/0_1_11_SKBKBPEAPE_1_1_2_A_Living_0,1_11_SKBKBPEAPE_1_1_2_A_Living,train,image_patches_small/clear_structure_noimagine,medium,False,0.02678395061728395,33.64030685220567,0.9986508008218811,35.22713304477255,0.9991292468970696,0,0.0
image_patches_small/0_1_20_SKPPWAPXPE_1_15_7_A_Living_0,1_20_SKPPWAPXPE_1_15_7_A_Living,val,image_patches_small/clear_structure_noimagine,severe,False,0.12793333333333334,27.861707719663954,0.9933877941483722,35.69291150810367,0.9990826734978924,0,0.0
image_patches_small/0_29_44_SSPPWBPEPK_1_2_6_A_MBed_0,29_44_SSPPWBPEPK_1_2_6_A_MBed,train,image_patches_small/clear_structure_noimagine,medium,False,0.0630037037037037,31.54212002745328,0.9965662405637479,38.233517330499154,0.9993311731811654,0,0.0
image_patches_small/0_883_71_TZDZTHIRHM_1_26_34_C_LivingDining_0,883_71_TZDZTHIRHM_1_26_34_C_LivingDining,train,image_patches_small/clear_structure_noimagine,medium,False,0.08202716049382716,29.669210100590213,0.9949537141454549,35.526424048128064,0.9988680534166987,0,0.0
image_patches_small/100_156_86_TZSMTHISHM_1_6_12_A_Bath_0,156_86_TZSMTHISHM_1_6_12_A_Bath,train,image_patches_small/clear_structure_noimagine,medium,False,0.041401234567901235,32.342736595963174,0.9960578246371307,41.01859275888961,0.9995519994680302,0,0.0
image_patches_small/100_179_61_TTNTIHLEHM_1_17_8_C_Bed_0,179_61_TTNTIHLEHM_1_17_8_C_Bed,train,image_patches_small/clear_structure_noimagine,severe,False,0.10698271604938271,28.717912106376843,0.9957981544986458,35.984740316402714,0.9992883262157423,0,0.0
image_patches_small/100_1_20_SKPPWAPXPE_1_15_7_A_Living_0,1_20_SKPPWAPXPE_1_15_7_A_Living,val,image_patches_small/clear_structure_noimagine,severe,False,0.19816666666666666,26.30905733117466,0.991971834888353,34.30712211942338,0.9989311022455492,0,0.0
image_patches_small/100_56_15_SKEYPPEAPE_1_3_10_A_MBath_0,56_15_SKEYPPEAPE_1_3_10_A_MBath,train,image_patches_small/clear_structure_noimagine,medium,False,0.07431851851851852,28.564602668871238,0.9884599387399204,38.24576867925588,0.9988464580877319,0,0.0
image_patches_small/100_594_86_TZSMTHISHM_1_22_15_D_Bath_0,594_86_TZSMTHISHM_1_22_15_D_Bath,train,image_patches_small/clear_structure_noimagine,severe,False,0.15413086419753086,26.674777701155765,0.9895765415427094,37.735493880586844,0.9992544645216265,0,0.0
image_patches_small/101_0_93_TZTNIHIYHM_1_1_2_A_MBed_1,0_93_TZTNIHIYHM_1_1_2_A_MBed,train,image_patches_small/clear_structure_noimagine,medium,False,0.05266543209876543,26.909797293218034,0.978199210162542,36.33104852511646,0.9977130821634443,0,0.0
image_patches_small/101_379_11_SKBKBPEAPE_1_11_20_C_Living_1,379_11_SKBKBPEAPE_1_11_20_C_Living,val,image_patches_small/clear_structure_noimagine,medium,False,0.022969135802469134,28.91430751047942,0.9436819796249415,40.00315973650758,0.9963103761408449,0,0.0
image_patches_small/101_589_87_TZSNTHIAHM_1_22_6_D_MBed_1,589_87_TZSNTHIAHM_1_22_6_D_MBed,train,image_patches_small/clear_structure_noimagine,severe,False,0.17181358024691357,25.48988239075193,0.9891072760969472,34.79455859270328,0.9988958776429694,0,0.0
image_patches_small/102_0_93_TZTNIHIYHM_1_1_2_A_MBed_2,0_93_TZTNIHIYHM_1_1_2_A_MBed,train,image_patches_small/clear_structure_noimagine,medium,False,0.06443703703703704,29.960039254271976,0.9910034741119873,40.385008695824254,0.9992756583275445,0,0.0
image_patches_small/102_120_17_SKPDPPERPE_1_5_18_A_MBed_2,120_17_SKPDPPERPE_1_5_18_A_MBed,val,image_patches_small/clear_structure_noimagine,medium,False,0.046874074074074075,29.655304725617896,0.980431039143374,38.79877203441234,0.9979310210446637,0,0.0
image_patches_small/102_594_86_TZSMTHISHM_1_22_15_D_Bath_2,594_86_TZSMTHISHM_1_22_15_D_Bath,train,image_patches_small/clear_structure_noimagine,medium,False,0.09969506172839507,30.61153382415766,0.9960716236330817,38.2612417407931,0.9993901031575395,0,0.0
image_patches_small/10_141_15_SKEYPPEAPE_1_6_11_A_Bed_10,141_15_SKEYPPEAPE_1_6_11_A_Bed,train,image_patches_small/clear_structure_noimagine,light,True,0.019507407407407407,31.7706961949107,0.9787801392643086,38.782447090738536,0.9960022604420663,0,0.0
image_patches_small/10_1_11_SKBKBPEAPE_1_1_2_A_Living_10,1_11_SKBKBPEAPE_1_1_2_A_Living,train,image_patches_small/clear_structure_noimagine,light,True,0.002117283950617284,43.542067119280226,0.9993210800201102,44.500895611145424,0.9994649759175394,0,0.0
image_patches_small/10_609_11_SKBKBPEAPE_1_17_34_D_Bed_10,609_11_SKBKBPEAPE_1_17_34_D_Bed,train,image_patches_small/clear_structure_noimagine,light,True,0.024411111111111113,31.975335683540784,0.9833588026835524,40.539150035494075,0.9980087836894092,0,0.0
image_patches_small/11_632_3_OSRJURUXRU_1_31_15_D_MBed_11,632_3_OSRJURUXRU_1_31_15_D_MBed,train,image_patches_small/clear_structure_noimagine,light,True,0.02308641975308642,29.479488853927403,0.9685290326725954,40.13943416527313,0.9974243072901103,0,0.0
image_patches_small/12_1007_11_SKBKBPEAPE_1_106_36_G_Bed_12,1007_11_SKBKBPEAPE_1_106_36_G_Bed,train,image_patches_small/clear_structure_noimagine,light,True,0.0074,34.59540036112126,0.950604110397004,43.23685987402935,0.9945790155631796,0,0.0
image_patches_small/14_179_61_TTNTIHLEHM_1_17_8_C_Bed_14,179_61_TTNTIHLEHM_1_17_8_C_Bed,train,image_patches_small/clear_structure_noimagine,light,True,0.007291358024691358,38.002036022976284,0.989669581787902,47.287830472657845,0.9988062732073704,0,0.0
image_patches_small/1_0_24_SKPPWDPXPS_1_1_6_A_LivingDining_1,0_24_SKPPWDPXPS_1_1_6_A_LivingDining,train,image_patches_small/clear_structure_noimagine,medium,False,0.05119876543209877,30.519986999350483,0.9882253894055014,39.09340759753602,0.9985062967369526,0,0.0
image_patches_small/1_0_93_TZTNIHIYHM_1_1_2_A_MBed_1,0_93_TZTNIHIYHM_1_1_2_A_MBed,train,image_patches_small/clear_structure_noimagine,medium,False,0.05395802469135803,29.98523813743713,0.9896670997383861,39.76231830536795,0.9990276129123069,0,0.0
image_patches_small/1_11_61_TTNTIHLEHM_1_1_13_A_Bed_1,11_61_TTNTIHLEHM_1_1_13_A_Bed,train,image_patches_small/clear_structure_noimagine,medium,False,0.022075308641975308,34.07225360860948,0.9973831030566298,38.63540643955156,0.9991239838680214,0,0.0
image_patches_small/1_156_86_TZSMTHISHM_1_6_12_A_Bath_1,156_86_TZSMTHISHM_1_6_12_A_Bath,train,image_patches_small/clear_structure_noimagine,medium,False,0.0012493827160493828,37.15661177463687,0.9993765406853424,37.26582013977487,0.9993930391342981,0,0.0
image_patches_small/1_179_61_TTNTIHLEHM_1_17_8_C_Bed_1,179_61_TTNTIHLEHM_1_17_8_C_Bed,train,image_patches_small/clear_structure_noimagine,medium,False,0.03919876543209876,34.154296092650334,0.9985677693940982,37.84601635839411,0.9994200640057431,0,0.0
image_patches_small/1_1_20_SKPPWAPXPE_1_15_7_A_Living_1,1_20_SKPPWAPXPE_1_15_7_A_Living,val,image_patches_small/clear_structure_noimagine,light,True,0.03825802469135803,34.019160499740025,0.9945427808282081,40.44784891769179,0.9989209013321455,0,0.0
image_patches_small/1_594_86_TZSMTHISHM_1_22_15_D_Bath_1,594_86_TZSMTHISHM_1_22_15_D_Bath,train,image_patches_small/clear_structure_noimagine,severe,False,0.12884197530864197,27.59236111735371,0.9902576704256981,38.79408137184171,0.9993359330405607,0,0.0
image_patches_small/1_632_84_TZSHZHMRHM_1_20_25_B_Living_1,632_84_TZSHZHMRHM_1_20_25_B_Living,test,image_patches_small/clear_structure_noimagine,medium,False,0.08174938271604938,26.97532160891786,0.9829515248809993,35.5726447545604,0.9981947310184452,0,0.0
image_patches_small/201_0_93_TZTNIHIYHM_1_1_2_A_MBed_1,0_93_TZTNIHIYHM_1_1_2_A_MBed,train,image_patches_small/clear_structure_noimagine,medium,False,0.055462962962962964,26.47552519856972,0.9754230789553704,35.63839118013639,0.9972799213588063,0,0.0
image_patches_small/202_0_93_TZTNIHIYHM_1_1_2_A_MBed_2,0_93_TZTNIHIYHM_1_1_2_A_MBed,train,image_patches_small/clear_structure_noimagine,medium,False,0.0654641975308642,28.97706759911056,0.9888056850474292,38.57059667725802,0.9988918925422658,0,0.0
image_patches_small/2_0_93_TZTNIHIYHM_1_1_2_A_MBed_2,0_93_TZTNIHIYHM_1_1_2_A_MBed,train,image_patches_small/clear_structure_noimagine,medium,False,0.04971604938271605,27.87549523741289,0.9799923860338915,36.86382399154607,0.9977108236923031,0,0.0
image_patches_small/2_113_41_SKSWBPWJPS_1_5_2_A_Bed_2,113_41_SKSWBPWJPS_1_5_2_A_Bed,train,image_patches_small/clear_structure_noimagine,light,True,0.037428395061728396,34.81926741954039,0.9957080282448149,43.35358070392374,0.9994600651079792,0,0.0
image_patches_small/2_12_86_TZSMTHISHM_1_1_13_A_LivingDining_2,12_86_TZSMTHISHM_1_1_13_A_LivingDining,test,image_patches_small/clear_structure_noimagine,severe,False,0.0995395061728395,24.24726237485823,0.9773994337127622,37.955351157347195,0.9992103047103266,0,0.0
image_patches_small/2_1314_25_SKPPWEPEPE_2_51_8_B_Living_2,1314_25_SKPPWEPEPE_2_51_8_B_Living,test,image_patches_small/clear_structure_noimagine,medium,False,0.03729382716049383,32.43686776688035,0.9941654369484486,41.427530679964136,0.9993543144311541,0,0.0
image_patches_small/2_168_41_SKSWBPWJPS_1_7_1_B_Bed_2,168_41_SKSWBPWJPS_1_7_1_B_Bed,test,image_patches_small/clear_structure_noimagine,light,True,0.03833950617283951,32.20623427348043,0.9903609026761934,41.0163481336275,0.9988779164730983,0,0.0
image_patches_small/2_1_20_SKPPWAPXPE_1_15_7_A_Living_2,1_20_SKPPWAPXPE_1_15_7_A_Living,val,image_patches_small/clear_structure_noimagine,light,True,0.013944444444444445,35.09718533014745,0.9903178352351705,44.126917045306044,0.9990557768668205,0,0.0
image_patches_small/2_632_84_TZSHZHMRHM_1_20_25_B_Living_2,632_84_TZSHZHMRHM_1_20_25_B_Living,test,image_patches_small/clear_structure_noimagine,medium,False,0.0724530864197531,27.205759334735077,0.9830845382601588,35.99613108353243,0.99834553067135,0,0.0
image_patches_small/3_138_7_SEPPWDPXPE_1_5_19_A_Bed_3,138_7_SEPPWDPXPE_1_5_19_A_Bed,train,image_patches_small/clear_structure_noimagine,severe,False,0.15059876543209877,25.199870762849184,0.9820792469438981,35.6797150416043,0.9987695577281064,0,0.0
image_patches_small/3_156_86_TZSMTHISHM_1_6_12_A_Bath_3,156_86_TZSMTHISHM_1_6_12_A_Bath,train,image_patches_small/clear_structure_noimagine,light,True,0.019574074074074074,35.59940611495397,0.9978678420955999,39.33907579562956,0.9991650347612208,0,0.0
image_patches_small/3_608_82_TZNITHIOHM_1_117_27_D_Bed_3,608_82_TZNITHIOHM_1_117_27_D_Bed,train,image_patches_small/clear_structure_noimagine,medium,False,0.06480740740740741,29.408481755527735,0.9880665148036777,38.48530273595137,0.9987880756077482,0,0.0
image_patches_small/3_632_3_OSRJURUXRU_1_31_15_D_MBed_3,632_3_OSRJURUXRU_1_31_15_D_MBed,train,image_patches_small/clear_structure_noimagine,medium,False,0.05051358024691358,32.67483413569226,0.9954219778551375,40.492806824995895,0.9993354066254274,0,0.0
image_patches_small/3_650_86_TZSMTHISHM_1_24_13_D_LivingDining_3,650_86_TZSMTHISHM_1_24_13_D_LivingDining,test,image_patches_small/clear_structure_noimagine,medium,False,0.06445185185185186,33.846795683790766,0.997206617416915,42.14770461268273,0.9996272540899878,0,0.0
image_patches_small/3_682_41_SKSWBPWJPS_1_26_11_C_Bed_3,682_41_SKSWBPWJPS_1_26_11_C_Bed,train,image_patches_small/clear_structure_noimagine,medium,False,0.0643320987654321,30.195088065191094,0.9844511701925955,40.566174618379094,0.9987885762190659,0,0.0
image_patches_small/3_838_27_SKPPWEPXPE_5_95_23_B_Living_3,838_27_SKPPWEPXPE_5_95_23_B_Living,train,image_patches_small/clear_structure_noimagine,light,True,0.012696296296296296,37.86455304807447,0.9981728058845004,41.18674237705049,0.9991706043362256,0,0.0
image_patches_small/4_0_24_SKPPWDPXPS_1_1_6_A_LivingDining_4,0_24_SKPPWDPXPS_1_1_6_A_LivingDining,train,image_patches_small/clear_structure_noimagine,light,True,0.018174074074074075,35.5714756397608,0.9950242420353296,42.481286343229726,0.9991054953809123,0,0.0
image_patches_small/4_134_15_SKEYPPEAPE_1_5_32_A_MBed_4,134_15_SKEYPPEAPE_1_5_32_A_MBed,test,image_patches_small/clear_structure_noimagine,light,True,0.03119753086419753,31.77342653015764,0.98700233477574,41.92932826332803,0.9989511596138071,0,0.0
image_patches_small/4_141_15_SKEYPPEAPE_1_6_11_A_Bed_4,141_15_SKEYPPEAPE_1_6_11_A_Bed,train,image_patches_small/clear_structure_noimagine,medium,False,0.04874197530864197,31.7416464595637,0.9926524195416343,41.32471615641707,0.9992345918340884,0,0.0
image_patches_small/4_609_11_SKBKBPEAPE_1_17_34_D_Bed_4,609_11_SKBKBPEAPE_1_17_34_D_Bed,train,image_patches_small/clear_structure_noimagine,medium,False,0.057149382716049385,29.40213466565138,0.9844255382031101,37.912913948722306,0.9979749986533799,0,0.0
image_patches_small/5_0_24_SKPPWDPXPS_1_1_6_A_LivingDining_5,0_24_SKPPWDPXPS_1_1_6_A_LivingDining,train,image_patches_small/clear_structure_noimagine,light,True,0.03666172839506173,32.3198085344959,0.9820109064688572,41.36019423974,0.9980374579462162,0,0.0
image_patches_small/5_13_22_SKPPWBPEPE_1_14_7_Whole_MBed_5,13_22_SKPPWBPEPE_1_14_7_Whole_MBed,train,image_patches_small/clear_structure_noimagine,medium,False,0.056623456790123455,28.583666098056845,0.9785663189154664,39.108708451067734,0.9983470134097954,0,0.0
image_patches_small/5_609_11_SKBKBPEAPE_1_17_34_D_Bed_5,609_11_SKBKBPEAPE_1_17_34_D_Bed,train,image_patches_small/clear_structure_noimagine,medium,False,0.048106172839506176,30.58707822815488,0.9856882711568756,39.9495557309131,0.9986784575105478,0,0.0
image_patches_small/6_141_15_SKEYPPEAPE_1_6_11_A_Bed_6,141_15_SKEYPPEAPE_1_6_11_A_Bed,train,image_patches_small/clear_structure_noimagine,medium,False,0.03800617283950617,29.733603825269306,0.9721630845730911,38.36026623118795,0.9967732793456497,0,0.0
image_patches_small/6_154_44_SSPPWBPEPK_1_12_5_E_Living_6,154_44_SSPPWBPEPK_1_12_5_E_Living,test,image_patches_small/clear_structure_noimagine,light,True,0.02047037037037037,32.45614611854276,0.9476011867364093,47.802505977487385,0.998794459939884,0,0.0
image_patches_small/6_179_61_TTNTIHLEHM_1_17_8_C_Bed_6,179_61_TTNTIHLEHM_1_17_8_C_Bed,train,image_patches_small/clear_structure_noimagine,medium,False,0.029371604938271605,29.500410936081455,0.9621372786349753,39.38199245950606,0.9965178285807988,0,0.0
image_patches_small/6_325_38_SKPPWYPEPE_1_105_13_B_MBed_6,325_38_SKPPWYPEPE_1_105_13_B_MBed,train,image_patches_small/clear_structure_noimagine,medium,False,0.03220246913580247,30.280536451214715,0.9648912079681355,39.404912930925136,0.9959591151905124,0,0.0
image_patches_small/6_379_11_SKBKBPEAPE_1_11_20_C_Living_6,379_11_SKBKBPEAPE_1_11_20_C_Living,val,image_patches_small/clear_structure_noimagine,light,True,0.01667530864197531,30.35689456377552,0.9409522903903104,42.360129727969934,0.9970180509889904,0,0.0
image_patches_small/6_637_3_OSRJURUXRU_1_31_20_D_MBed_6,637_3_OSRJURUXRU_1_31_20_D_MBed,train,image_patches_small/clear_structure_noimagine,medium,False,0.05223086419753086,28.469025582995148,0.9783009244344746,40.40506403590288,0.9987002436606857,0,0.0
image_patches_small/6_651_3_OSRJURUXRU_1_32_8_D_Bed_6,651_3_OSRJURUXRU_1_32_8_D_Bed,train,image_patches_small/clear_structure_noimagine,light,True,0.02096172839506173,36.169400310383345,0.998174681487227,39.99274704270925,0.9992991714392417,0,0.0
image_patches_small/7_134_10_SKADBPYRPE_3_25_10_A_Bed_7,134_10_SKADBPYRPE_3_25_10_A_Bed,train,image_patches_small/clear_structure_noimagine,light,True,0.03571481481481482,34.918044378456635,0.9954554044576035,43.07097226928604,0.999390763270981,0,0.0
image_patches_small/7_179_61_TTNTIHLEHM_1_17_8_C_Bed_7,179_61_TTNTIHLEHM_1_17_8_C_Bed,train,image_patches_small/clear_structure_noimagine,light,True,0.025750617283950616,31.62107953171903,0.9580410730901903,41.873295390054125,0.9962367375695437,0,0.0
image_patches_small/7_637_3_OSRJURUXRU_1_31_20_D_MBed_7,637_3_OSRJURUXRU_1_31_20_D_MBed,train,image_patches_small/clear_structure_noimagine,light,True,0.02654567901234568,33.66050269428364,0.987665376804584,42.44415896778133,0.9988967008640924,0,0.0
image_patches_small/8_667_3_OSRJURUXRU_1_32_24_D_Bed_8,667_3_OSRJURUXRU_1_32_24_D_Bed,val,image_patches_small/clear_structure_noimagine,medium,False,0.06052222222222222,27.211928161114557,0.9744881628958144,38.82912375135824,0.9983803398047666,0,0.0
image_patches_small/9_0_24_SKPPWDPXPS_1_1_6_A_LivingDining_9,0_24_SKPPWDPXPS_1_1_6_A_LivingDining,train,image_patches_small/clear_structure_noimagine,light,True,0.0240641975308642,32.36369499246611,0.978467531995886,40.25967674883738,0.9967258917562339,0,0.0
image_patches_small/9_120_17_SKPDPPERPE_1_5_18_A_MBed_9,120_17_SKPDPPERPE_1_5_18_A_MBed,val,image_patches_small/clear_structure_noimagine,light,True,0.017132098765432098,33.35248052224573,0.9811032726852751,42.48093391955777,0.9979842783579804,0,0.0
image_patches_small/9_1346_81_TZMNIHIXHM_1_34_25_E_MBed_9,1346_81_TZMNIHIXHM_1_34_25_E_MBed,train,image_patches_small/clear_structure_noimagine,light,True,0.01871358024691358,33.03112030440928,0.9816458935798091,40.60566079924102,0.9969419207372605,0,0.0
image_patches_small/9_134_15_SKEYPPEAPE_1_5_32_A_MBed_9,134_15_SKEYPPEAPE_1_5_32_A_MBed,test,image_patches_small/clear_structure_noimagine,light,True,0.022369135802469135,31.144650355439886,0.9837663668151196,40.38989522714668,0.9987417392168905,0,0.0
image_patches_small/9_156_86_TZSMTHISHM_1_6_12_A_Bath_9,156_86_TZSMTHISHM_1_6_12_A_Bath,train,image_patches_small/clear_structure_noimagine,light,True,0.009607407407407408,40.36190621136808,0.9991681095661102,42.876834743263956,0.9995580196444301,0,0.0
image_patches_small/9_29_44_SSPPWBPEPK_1_2_6_A_MBed_9,29_44_SSPPWBPEPK_1_2_6_A_MBed,train,image_patches_small/clear_structure_noimagine,light,True,0.029779012345679014,30.36576480041773,0.9432287753742388,45.16804283897865,0.9985650483692959,0,0.0
image_patches_small/9_651_3_OSRJURUXRU_1_32_8_D_Bed_9,651_3_OSRJURUXRU_1_32_8_D_Bed,train,image_patches_small/clear_structure_noimagine,light,True,0.012251851851851852,39.39671040302632,0.9989872891880482,42.85000123473633,0.9995639823773893,0,0.0
image_patches_small/0_10_72_TZDZZHIAHT_1_1_11_F_Bed_0,10_72_TZDZZHIAHT_1_1_11_F_Bed,val,image_patches_small/unclear_nostructure_noimagine,severe,False,0.09423086419753086,29.831766138625653,0.9954281513891333,34.41983454409398,0.9986351612420493,0,0.0
image_patches_small/0_134_10_SKADBPYRPE_3_25_10_A_Bed_0,134_10_SKADBPYRPE_3_25_10_A_Bed,train,image_patches_small/unclear_nostructure_noimagine,medium,False,0.020667901234567902,33.531572876482564,0.9984088359093061,34.977401230879,0.998887458930488,0,0.0
image_patches_small/0_154_44_SSPPWBPEPK_1_12_5_E_Living_0,154_44_SSPPWBPEPK_1_12_5_E_Living,test,image_patches_small/unclear_nostructure_noimagine,medium,False,3.08641975308642e-05,36.26072159078349,0.9993198742006383,36.262771971652526,0.9993202243217431,0,0.0
image_patches_small/0_304_17_SKPDPPERPE_1_11_34_C_MBed_0,304_17_SKPDPPERPE_1_11_34_C_MBed,train,image_patches_small/unclear_nostructure_noimagine,medium,False,0.0324679012345679,32.32705332165792,0.9976451567021732,35.04841458557449,0.9988386760727036,0,0.0
image_patches_small/0_700_41_SKSWBPWJPS_1_28_1_C_LivingDining_0,700_41_SKSWBPWJPS_1_28_1_C_LivingDining,test,image_patches_small/unclear_nostructure_noimagine,medium,False,0.01845679012345679,34.45679661425012,0.998697942262821,36.5627489034236,0.9992481115324795,0,0.0
image_patches_small/0_838_27_SKPPWEPXPE_5_95_23_B_Living_0,838_27_SKPPWEPXPE_5_95_23_B_Living,train,image_patches_small/unclear_nostructure_noimagine,severe,False,0.07271851851851852,29.610512334290732,0.996161069046917,34.967461976222054,0.9989565015461237,0,0.0
image_patches_small/100_111_10_SKADBPYRPE_3_23_25_A_Bed_0,111_10_SKADBPYRPE_3_23_25_A_Bed,train,image_patches_small/unclear_nostructure_noimagine,severe,False,0.14774444444444446,26.748811014170396,0.9376392677425784,32.09569371526972,0.9836716220537941,0,0.0
image_patches_small/100_116_10_SKADBPYRPE_3_24_11_A_Bed_0,116_10_SKADBPYRPE_3_24_11_A_Bed,test,image_patches_small/unclear_nostructure_noimagine,severe,False,0.12403827160493827,27.71789137965277,0.924277692647384,31.710321251130345,0.9716485726957176,0,0.0
image_patches_small/100_229_78_TZIDZHMXHM_3_39_26_A_Utility_0,229_78_TZIDZHMXHM_3_39_26_A_Utility,train,image_patches_small/unclear_nostructure_noimagine,severe,False,0.14070864197530863,27.42702038015493,0.8978598762858379,31.574029821162917,0.9643141234535342,0,0.0
image_patches_small/100_280_17_SKPDPPERPE_1_11_10_C_MBed_0,280_17_SKPDPPERPE_1_11_10_C_MBed,train,image_patches_small/unclear_nostructure_noimagine,severe,False,0.06541481481481481,29.86066951153167,0.9113428198159781,32.41707405328646,0.9552152000279333,0,0.0
image_patches_small/100_304_17_SKPDPPERPE_1_11_34_C_MBed_0,304_17_SKPDPPERPE_1_11_34_C_MBed,train,image_patches_small/unclear_nostructure_noimagine,severe,False,0.03426666666666667,31.852207674513732,0.9968728451387071,34.40408287931314,0.9984023555150923,0,0.0
image_patches_small/103_594_86_TZSMTHISHM_1_22_15_D_Bath_3,594_86_TZSMTHISHM_1_22_15_D_Bath,train,image_patches_small/unclear_nostructure_noimagine,light,True,0.023392592592592593,35.00643869254622,0.997452698378019,39.40463024838941,0.9991960156785652,0,0.0
image_patches_small/1_100_63_TTTSTHHXHM_1_6_12_B_Bed_1,100_63_TTTSTHHXHM_1_6_12_B_Bed,train,image_patches_small/unclear_nostructure_noimagine,medium,False,0.04485925925925926,32.0335045700219,0.9927644675535181,38.37830354279353,0.9986633753696827,0,0.0
image_patches_small/1_111_10_SKADBPYRPE_3_23_25_A_Bed_1,111_10_SKADBPYRPE_3_23_25_A_Bed,train,image_patches_small/unclear_nostructure_noimagine,severe,False,0.037890123456790124,31.458792284152103,0.9964297771907848,33.59984863564114,0.9979635935008773,0,0.0
image_patches_small/1_116_10_SKADBPYRPE_3_24_11_A_Bed_1,116_10_SKADBPYRPE_3_24_11_A_Bed,test,image_patches_small/unclear_nostructure_noimagine,medium,False,0.011972839506172839,33.75810634678161,0.9984540337384311,34.53025446282088,0.9987266295891836,0,0.0
image_patches_small/1_152_10_SKADBPYRPE_3_25_28_A_Bed_1,152_10_SKADBPYRPE_3_25_28_A_Bed,test,image_patches_small/unclear_nostructure_noimagine,medium,False,0.055302469135802466,31.122573841574237,0.9950518615269529,35.131180957179964,0.9982470176407295,0,0.0
image_patches_small/1_154_44_SSPPWBPEPK_1_12_5_E_Living_1,154_44_SSPPWBPEPK_1_12_5_E_Living,test,image_patches_small/unclear_nostructure_noimagine,medium,False,1.9753086419753087e-05,38.05934395483275,0.9996195160281162,38.0619595403147,0.9996197684711495,0,0.0
image_patches_small/2_10_72_TZDZZHIAHT_1_1_11_F_Bed_2,10_72_TZDZZHIAHT_1_1_11_F_Bed,val,image_patches_small/unclear_nostructure_noimagine,light,True,0.03138888888888889,34.82974549068042,0.9970947128963974,39.95618410065925,0.9992240298879751,0,0.0
image_patches_small/2_111_10_SKADBPYRPE_3_23_25_A_Bed_2,111_10_SKADBPYRPE_3_23_25_A_Bed,train,image_patches_small/unclear_nostructure_noimagine,severe,False,0.10673456790123456,28.62885310775077,0.9867744654249822,37.481753493765304,0.9985585340590079,0,0.0
image_patches_small/2_116_10_SKADBPYRPE_3_24_11_A_Bed_2,116_10_SKADBPYRPE_3_24_11_A_Bed,test,image_patches_small/unclear_nostructure_noimagine,severe,False,0.11028765432098765,29.051841360279408,0.993663509841906,35.091052317658566,0.9985599644097545,0,0.0
image_patches_small/2_838_27_SKPPWEPXPE_5_95_23_B_Living_2,838_27_SKPPWEPXPE_5_95_23_B_Living,train,image_patches_small/unclear_nostructure_noimagine,light,True,0.015262962962962963,35.78735157431981,0.9986324047310481,39.34316266894441,0.9994344257609186,0,0.0
image_patches_small/3_100_63_TTTSTHHXHM_1_6_12_B_Bed_3,100_63_TTTSTHHXHM_1_6_12_B_Bed,train,image_patches_small/unclear_nostructure_noimagine,light,True,0.02765679012345679,34.51205499432313,0.9972708579129507,39.951787265483894,0.9992761524738337,0,0.0
image_patches_small/4_651_3_OSRJURUXRU_1_32_8_D_Bed_4,651_3_OSRJURUXRU_1_32_8_D_Bed,train,image_patches_small/unclear_nostructure_noimagine,light,True,0.013764197530864197,36.98542627617533,0.9987380601613164,39.01397316245493,0.9992588650641412,0,0.0
image_patches_small/5_100_63_TTTSTHHXHM_1_6_12_B_Bed_5,100_63_TTTSTHHXHM_1_6_12_B_Bed,train,image_patches_small/unclear_nostructure_noimagine,medium,False,0.038191358024691355,32.43821337071254,0.9891622749941739,40.27501216254536,0.9985325126349102,0,0.0
image_patches_small/5_594_86_TZSMTHISHM_1_22_15_D_Bath_5,594_86_TZSMTHISHM_1_22_15_D_Bath,train,image_patches_small/unclear_nostructure_noimagine,light,True,0.016055555555555556,36.27255239932416,0.9979886434081371,39.56089849146704,0.9991605630755505,0,0.0
image_patches_small/6_100_63_TTTSTHHXHM_1_6_12_B_Bed_6,100_63_TTTSTHHXHM_1_6_12_B_Bed,train,image_patches_small/unclear_nostructure_noimagine,light,True,0.020876543209876544,35.35293517999857,0.9952410950490955,39.9353003075452,0.9986778531065196,0,0.0
image_patches_small/8_637_3_OSRJURUXRU_1_31_20_D_MBed_8,637_3_OSRJURUXRU_1_31_20_D_MBed,train,image_patches_small/unclear_nostructure_noimagine,light,True,0.005201234567901235,40.60689814244941,0.998539824014949,42.437955706441926,0.9991233665162408,0,0.0
image_pitches_large/100_0_24_SKPPWDPXPS_1_1_6_A_LivingDining_0,0_24_SKPPWDPXPS_1_1_6_A_LivingDining,train,image_pitches_large,severe,False,0.28085679012345677,23.52260900372353,0.9695390278880153,32.14508401784812,0.9963193072889707,0,0.0
image_pitches_large/101_0_93_TZTNIHIYHM_1_1_2_A_MBed_1,0_93_TZTNIHIYHM_1_1_2_A_MBed,train,image_pitches_large,medium,False,0.05266543209876543,26.909797293218034,0.978199210162542,36.33104852511646,0.9977130821634443,0,0.0
image_pitches_large/102_0_93_TZTNIHIYHM_1_1_2_A_MBed_2,0_93_TZTNIHIYHM_1_1_2_A_MBed,train,image_pitches_large,medium,False,0.06443703703703704,29.960039254271976,0.9910034741119873,40.385008695824254,0.9992756583275445,0,0.0
image_pitches_large/201_0_93_TZTNIHIYHM_1_1_2_A_MBed_1,0_93_TZTNIHIYHM_1_1_2_A_MBed,train,image_pitches_large,medium,False,0.055462962962962964,26.47552519856972,0.9754230789553704,35.63839118013639,0.9972799213588063,0,0.0
image_pitches_large/202_0_93_TZTNIHIYHM_1_1_2_A_MBed_2,0_93_TZTNIHIYHM_1_1_2_A_MBed,train,image_pitches_large,medium,False,0.0654641975308642,28.97706759911056,0.9888056850474292,38.57059667725802,0.9988918925422658,0,0.0
image_pitches_large/100_1007_11_SKBKBPEAPE_1_106_36_G_Bed_0,1007_11_SKBKBPEAPE_1_106_36_G_Bed,train,image_pitches_large,severe,False,0.1509753086419753,25.14578980646999,0.9791078941322033,33.906274264977476,0.9975767119730441,0,0.0
image_pitches_large/100_100_63_TTTSTHHXHM_1_6_12_B_Bed_0,100_63_TTTSTHHXHM_1_6_12_B_Bed,train,image_pitches_large,severe,False,0.28892716049382716,24.19859856708063,0.9448278604107865,31.35580703294416,0.991414388277983,0,0.0
image_pitches_large/100_102_10_SKADBPYRPE_3_23_16_A_Bed_0,102_10_SKADBPYRPE_3_23_16_A_Bed,train,image_pitches_large,severe,False,0.12086666666666666,27.87819010027953,0.9286592006881916,31.963532854516412,0.9741876814451496,0,0.0
image_pitches_large/100_10_61_TTNTIHLEHM_1_1_12_A_Bed_0,10_61_TTNTIHLEHM_1_1_12_A_Bed,test,image_pitches_large,medium,False,0.1145320987654321,28.17762766714641,0.9934709461058753,38.706622074565225,0.9995626588644302,0,0.0
image_pitches_large/101_10_61_TTNTIHLEHM_1_1_12_A_Bed_1,10_61_TTNTIHLEHM_1_1_12_A_Bed,test,image_pitches_large,medium,False,0.1041716049382716,30.076936616261364,0.9949511692396396,38.472081720945816,0.9993600725943858,0,0.0
image_pitches_large/100_10_72_TZDZZHIAHT_1_1_11_F_Bed_0,10_72_TZDZZHIAHT_1_1_11_F_Bed,val,image_pitches_large,severe,False,0.1426679012345679,26.956083345049315,0.9890819598801308,33.18301145775092,0.9977601328522763,0,0.0
image_pitches_large/100_111_10_SKADBPYRPE_3_23_25_A_Bed_0,111_10_SKADBPYRPE_3_23_25_A_Bed,train,image_pitches_large,severe,False,0.14774444444444446,26.748811014170396,0.9376392677425784,32.09569371526972,0.9836716220537941,0,0.0
image_pitches_large/100_112_41_SKSWBPWJPS_1_5_1_A_Bed_0,112_41_SKSWBPWJPS_1_5_1_A_Bed,train,image_pitches_large,severe,False,0.33033703703703704,23.806925151692152,0.9246765173608082,31.922833916379503,0.9896086882945672,0,0.0
image_pitches_large/100_113_41_SKSWBPWJPS_1_5_2_A_Bed_0,113_41_SKSWBPWJPS_1_5_2_A_Bed,train,image_pitches_large,severe,False,0.3548037037037037,23.484504405792027,0.828473801397701,31.76325186452609,0.9771502565622703,0,0.0
image_pitches_large/100_1145_30_SKPPWKPEPE_2_50_47_C_Bed_0,1145_30_SKPPWKPEPE_2_50_47_C_Bed,train,image_pitches_large,severe,False,0.1713901234567901,27.663814863477118,0.9927159410660601,36.34181581833225,0.9992047202883372,0,0.0
image_pitches_large/100_116_10_SKADBPYRPE_3_24_11_A_Bed_0,116_10_SKADBPYRPE_3_24_11_A_Bed,test,image_pitches_large,severe,False,0.12403827160493827,27.71789137965277,0.924277692647384,31.710321251130345,0.9716485726957176,0,0.0
image_pitches_large/100_11_5_OSRRQRUXUU_1_2_1_A_Bed_0,11_5_OSRRQRUXUU_1_2_1_A_Bed,train,image_pitches_large,medium,False,0.047322222222222224,28.26263026992909,0.9784797840196464,36.828615336112826,0.9972310411243258,0,0.0
image_pitches_large/101_11_5_OSRRQRUXUU_1_2_1_A_Bed_1,11_5_OSRRQRUXUU_1_2_1_A_Bed,train,image_pitches_large,light,False,0.006788888888888889,35.34742485840426,0.9841110315457607,44.14466225207569,0.9979909408112958,0,0.0
image_pitches_large/103_11_5_OSRRQRUXUU_1_2_1_A_Bed_3,11_5_OSRRQRUXUU_1_2_1_A_Bed,train,image_pitches_large,light,False,0.0020901234567901232,39.87280249553643,0.9583274090682193,46.19046937806141,0.9917085812098434,0,0.0
image_pitches_large/100_11_61_TTNTIHLEHM_1_1_13_A_Bed_0,11_61_TTNTIHLEHM_1_1_13_A_Bed,train,image_pitches_large,medium,False,0.11768148148148148,28.935413113299294,0.9944554460323772,38.82126293588655,0.9995500450705245,0,0.0
image_pitches_large/101_11_61_TTNTIHLEHM_1_1_13_A_Bed_1,11_61_TTNTIHLEHM_1_1_13_A_Bed,train,image_pitches_large,medium,False,0.09727530864197531,28.920306445638477,0.9932457256895103,38.25343441304847,0.999300459054758,0,0.0
image_pitches_large/100_120_17_SKPDPPERPE_1_5_18_A_MBed_0,120_17_SKPDPPERPE_1_5_18_A_MBed,val,image_pitches_large,medium,False,0.07065185185185185,30.680444379685447,0.9931093552729281,38.432349014970356,0.9991006319929452,0,0.0
image_pitches_large/101_120_17_SKPDPPERPE_1_5_18_A_MBed_1,120_17_SKPDPPERPE_1_5_18_A_MBed,val,image_pitches_large,severe,False,0.1247358024691358,29.49917072728892,0.995305509172941,36.14461463621559,0.9991308491930254,0,0.0
image_pitches_large/102_120_17_SKPDPPERPE_1_5_18_A_MBed_2,120_17_SKPDPPERPE_1_5_18_A_MBed,val,image_pitches_large,medium,False,0.046874074074074075,29.655304725617896,0.980431039143374,38.79877203441234,0.9979310210446637,0,0.0
image_pitches_large/100_120_41_SKSWBPWJPS_1_5_9_A_Bed_0,120_41_SKSWBPWJPS_1_5_9_A_Bed,train,image_pitches_large,severe,False,0.2552506172839506,22.567081737621656,0.9697978220453505,31.053247062461267,0.9961293823429563,0,0.0
image_pitches_large/101_120_41_SKSWBPWJPS_1_5_9_A_Bed_1,120_41_SKSWBPWJPS_1_5_9_A_Bed,train,image_pitches_large,light,False,0.018533333333333332,37.75922187128941,0.9949205593216359,45.1311631038311,0.9991766082729373,0,0.0
image_pitches_large/100_122_17_SKPDPPERPE_1_5_20_A_MBed_0,122_17_SKPDPPERPE_1_5_20_A_MBed,test,image_pitches_large,medium,False,0.07332839506172839,30.663183118609076,0.9927366875670891,38.94013985325286,0.9991303337826449,0,0.0
image_pitches_large/101_122_17_SKPDPPERPE_1_5_20_A_MBed_1,122_17_SKPDPPERPE_1_5_20_A_MBed,test,image_pitches_large,severe,False,0.14513703703703704,28.589068493425263,0.993881882035735,35.8828665881909,0.9990028841632298,0,0.0
image_pitches_large/102_122_17_SKPDPPERPE_1_5_20_A_MBed_2,122_17_SKPDPPERPE_1_5_20_A_MBed,test,image_pitches_large,medium,False,0.04804074074074074,29.18866662308418,0.977143251165025,38.76509272291848,0.9977510552175486,0,0.0
image_pitches_large/100_126_17_SKPDPPERPE_1_5_24_A_MBed_0,126_17_SKPDPPERPE_1_5_24_A_MBed,val,image_pitches_large,severe,False,0.2582987654320988,25.841343071401425,0.9851895061083809,33.950513598761894,0.9981451190914616,0,0.0
image_pitches_large/101_126_17_SKPDPPERPE_1_5_24_A_MBed_1,126_17_SKPDPPERPE_1_5_24_A_MBed,val,image_pitches_large,light,False,0.01630246913580247,34.05931071390668,0.9805982641617345,43.34410610252035,0.9979345347537893,0,0.0
image_pitches_large/102_126_17_SKPDPPERPE_1_5_24_A_MBed_2,126_17_SKPDPPERPE_1_5_24_A_MBed,val,image_pitches_large,light,False,0.010466666666666668,34.77925677421793,0.973922597477035,44.11909365189104,0.9973038789355483,0,0.0
image_pitches_large/100_126_27_SKPPWEPXPE_2_32_17_B_Living_0,126_27_SKPPWEPXPE_2_32_17_B_Living,val,image_pitches_large,severe,False,0.10968518518518519,29.032547075230525,0.9954870468623306,34.95939521537204,0.9989646014053931,0,0.0
image_pitches_large/100_12_86_TZSMTHISHM_1_1_13_A_LivingDining_0,12_86_TZSMTHISHM_1_1_13_A_LivingDining,test,image_pitches_large,severe,False,0.11520123456790124,26.881133618435893,0.9846418041342703,34.48436349691802,0.9977631586737188,0,0.0
image_pitches_large/100_1314_25_SKPPWEPEPE_2_51_8_B_Living_0,1314_25_SKPPWEPEPE_2_51_8_B_Living,test,image_pitches_large,severe,False,0.33825555555555553,22.47563360280394,0.9521443737663139,31.721988763039185,0.9951658768066184,0,0.0
image_pitches_large/100_1325_56_SSPPWYPXPS_1_26_11_G_Living_0,1325_56_SSPPWYPXPS_1_26_11_G_Living,train,image_pitches_large,severe,False,0.1714604938271605,24.57080457015077,0.9867385508881356,35.15522239905938,0.9990862082944589,0,0.0
image_pitches_large/101_132_10_SKADBPYRPE_3_24_27_A_Bed_1,132_10_SKADBPYRPE_3_24_27_A_Bed,val,image_pitches_large,severe,False,0.15037901234567902,27.127213865214358,0.9848287886499428,33.408336771459034,0.9969517646617876,0,0.0
image_pitches_large/100_132_85_TZSITHMXHM_1_12_1_2_Bed_0,132_85_TZSITHMXHM_1_12_1_2_Bed,val,image_pitches_large,severe,False,0.09299135802469136,28.953178841319765,0.8476458477400937,32.03895631064863,0.9311721944755498,0,0.0
image_pitches_large/100_1346_81_TZMNIHIXHM_1_34_25_E_MBed_0,1346_81_TZMNIHIXHM_1_34_25_E_MBed,train,image_pitches_large,light,False,0.020298765432098766,32.80813033760562,0.9808608146007602,43.22917869526128,0.998629286310803,0,0.0
image_pitches_large/101_1346_81_TZMNIHIXHM_1_34_25_E_MBed_1,1346_81_TZMNIHIXHM_1_34_25_E_MBed,train,image_pitches_large,severe,False,0.07802592592592593,24.74823963915415,0.9620497386329129,33.87880728993538,0.9960020988691759,0,0.0
image_pitches_large/200_1346_81_TZMNIHIXHM_1_34_25_E_MBed_0,1346_81_TZMNIHIXHM_1_34_25_E_MBed,train,image_pitches_large,light,False,0.014858024691358024,36.32823759423951,0.9919903020172621,42.35170098113958,0.9984936608777326,0,0.0
image_pitches_large/201_1346_81_TZMNIHIXHM_1_34_25_E_MBed_1,1346_81_TZMNIHIXHM_1_34_25_E_MBed,train,image_pitches_large,severe,False,0.0806962962962963,24.70739769855751,0.9623979858903317,33.11334126626833,0.9951237128068069,0,0.0
image_pitches_large/100_134_10_SKADBPYRPE_3_25_10_A_Bed_0,134_10_SKADBPYRPE_3_25_10_A_Bed,train,image_pitches_large,severe,False,0.05959012345679012,30.822683764395617,0.9970860262345493,34.103351301996334,0.9987083165781989,0,0.0
image_pitches_large/101_134_10_SKADBPYRPE_3_25_10_A_Bed_1,134_10_SKADBPYRPE_3_25_10_A_Bed,train,image_pitches_large,severe,False,0.1539320987654321,27.27182044610167,0.9915266446329367,35.00795387035168,0.9987000880207948,0,0.0
image_pitches_large/100_134_15_SKEYPPEAPE_1_5_32_A_MBed_0,134_15_SKEYPPEAPE_1_5_32_A_MBed,test,image_pitches_large,severe,False,0.1054567901234568,27.473935250076586,0.9828397105286535,35.65447066721094,0.9979265105226088,0,0.0
image_pitches_large/100_138_7_SEPPWDPXPE_1_5_19_A_Bed_0,138_7_SEPPWDPXPE_1_5_19_A_Bed,train,image_pitches_large,severe,False,0.11066913580246913,25.464565313644627,0.9689783428258134,34.122173842783155,0.9964329615236439,0,0.0
image_pitches_large/100_13_22_SKPPWBPEPE_1_14_7_Whole_MBed_0,13_22_SKPPWBPEPE_1_14_7_Whole_MBed,train,image_pitches_large,severe,False,0.15707407407407406,25.868353019542482,0.9891637297175884,35.20788401419922,0.9988712916338466,0,0.0
image_pitches_large/100_141_15_SKEYPPEAPE_1_6_11_A_Bed_0,141_15_SKEYPPEAPE_1_6_11_A_Bed,train,image_pitches_large,severe,False,0.10956543209876543,25.350661035781577,0.9793653729794605,33.5935512948041,0.9973659157303741,0,0.0
image_pitches_large/101_141_15_SKEYPPEAPE_1_6_11_A_Bed_1,141_15_SKEYPPEAPE_1_6_11_A_Bed,train,image_pitches_large,medium,False,0.04706543209876543,30.15996729109891,0.97907408240013,40.11445387898113,0.9983714489242534,0,0.0
image_pitches_large/100_1493_93_TZTNIHIYHM_1_38_46_F_Bed_0,1493_93_TZTNIHIYHM_1_38_46_F_Bed,train,image_pitches_large,light,False,0.012241975308641975,34.593496747287624,0.986916433731791,41.15938684121578,0.9975177925925002,0,0.0
image_pitches_large/101_1493_93_TZTNIHIYHM_1_38_46_F_Bed_1,1493_93_TZTNIHIYHM_1_38_46_F_Bed,train,image_pitches_large,medium,False,0.049662962962962964,29.015865006853176,0.9860751024480546,39.51495307331713,0.9989852767785573,0,0.0
image_pitches_large/100_1494_93_TZTNIHIYHM_1_38_47_F_Bed_0,1494_93_TZTNIHIYHM_1_38_47_F_Bed,train,image_pitches_large,light,False,0.014648148148148148,32.81157577146166,0.9798295238473106,38.86854745110679,0.9955077949868539,0,0.0
image_pitches_large/101_1494_93_TZTNIHIYHM_1_38_47_F_Bed_1,1494_93_TZTNIHIYHM_1_38_47_F_Bed,train,image_pitches_large,medium,False,0.0468962962962963,27.048789005230663,0.9732299556957164,38.60658373603913,0.9983469050624644,0,0.0
image_pitches_large/100_152_10_SKADBPYRPE_3_25_28_A_Bed_0,152_10_SKADBPYRPE_3_25_28_A_Bed,test,image_pitches_large,medium,False,0.06278024691358025,30.338708295738193,0.9940011579204977,35.118007719522325,0.9982478779220646,0,0.0
image_pitches_large/102_152_10_SKADBPYRPE_3_25_28_A_Bed_2,152_10_SKADBPYRPE_3_25_28_A_Bed,test,image_pitches_large,light,False,0.025272839506172838,32.59742453482721,0.9751634437980317,43.73828250472898,0.9986818911757445,0,0.0
image_pitches_large/107_152_10_SKADBPYRPE_3_25_28_A_Bed_7,152_10_SKADBPYRPE_3_25_28_A_Bed,test,image_pitches_large,light,False,0.019719753086419753,30.143124083215373,0.9606547042756691,39.600471741556156,0.9960783172330139,0,0.0
image_pitches_large/100_1537_93_TZTNIHIYHM_1_39_44_F_Bed_0,1537_93_TZTNIHIYHM_1_39_44_F_Bed,train,image_pitches_large,severe,False,0.13038765432098764,25.39642433872757,0.9817590463519024,35.826479093685975,0.998578675647032,0,0.0
image_pitches_large/100_1549_40_SKSSGPYXPE_1_39_36_H_Bed_0,1549_40_SKSSGPYXPE_1_39_36_H_Bed,train,image_pitches_large,medium,False,0.04554444444444444,28.48153856467226,0.9659602429815447,37.54589986127058,0.996759848832355,0,0.0
image_pitches_large/100_154_44_SSPPWBPEPK_1_12_5_E_Living_0,154_44_SSPPWBPEPK_1_12_5_E_Living,test,image_pitches_large,severe,False,0.033780246913580246,30.17743843146363,0.9964885555442448,35.903206688142134,0.9991712475177165,0,0.0
image_pitches_large/100_156_86_TZSMTHISHM_1_6_12_A_Bath_0,156_86_TZSMTHISHM_1_6_12_A_Bath,train,image_pitches_large,medium,False,0.041401234567901235,32.342736595963174,0.9960578246371307,41.01859275888961,0.9995519994680302,0,0.0
image_pitches_large/101_156_86_TZSMTHISHM_1_6_12_A_Bath_1,156_86_TZSMTHISHM_1_6_12_A_Bath,train,image_pitches_large,medium,False,0.00451358024691358,36.787976580688074,0.999346329807271,37.25845776856258,0.9993943960983532,0,0.0
image_pitches_large/100_168_41_SKSWBPWJPS_1_7_1_B_Bed_0,168_41_SKSWBPWJPS_1_7_1_B_Bed,test,image_pitches_large,severe,False,0.2803506172839506,24.176813589877305,0.978202619504807,32.316337895879904,0.9969653811829672,0,0.0
image_pitches_large/100_179_61_TTNTIHLEHM_1_17_8_C_Bed_0,179_61_TTNTIHLEHM_1_17_8_C_Bed,train,image_pitches_large,severe,False,0.10698271604938271,28.717912106376843,0.9957981544986458,35.984740316402714,0.9992883262157423,0,0.0
image_pitches_large/100_1_11_SKBKBPEAPE_1_1_2_A_Living_0,1_11_SKBKBPEAPE_1_1_2_A_Living,train,image_pitches_large,severe,False,0.32861604938271605,23.296875373249183,0.972994085551395,33.059156469026135,0.9976359453551622,0,0.0
image_pitches_large/200_1_11_SKBKBPEAPE_1_1_2_A_Living_0,1_11_SKBKBPEAPE_1_1_2_A_Living,train,image_pitches_large,severe,False,0.31266913580246913,23.851609420373453,0.9769136095884485,32.340692996774536,0.997256205245748,0,0.0
image_pitches_large/100_1_20_SKPPWAPXPE_1_15_7_A_Living_0,1_20_SKPPWAPXPE_1_15_7_A_Living,val,image_pitches_large,severe,False,0.19816666666666666,26.30905733117466,0.991971834888353,34.30712211942338,0.9989311022455492,0,0.0
image_pitches_large/100_229_78_TZIDZHMXHM_3_39_26_A_Utility_0,229_78_TZIDZHMXHM_3_39_26_A_Utility,train,image_pitches_large,severe,False,0.14070864197530863,27.42702038015493,0.8978598762858379,31.574029821162917,0.9643141234535342,0,0.0
image_pitches_large/100_280_17_SKPDPPERPE_1_11_10_C_MBed_0,280_17_SKPDPPERPE_1_11_10_C_MBed,train,image_pitches_large,severe,False,0.06541481481481481,29.86066951153167,0.9113428198159781,32.41707405328646,0.9552152000279333,0,0.0
image_pitches_large/100_29_44_SSPPWBPEPK_1_2_6_A_MBed_0,29_44_SSPPWBPEPK_1_2_6_A_MBed,train,image_pitches_large,severe,False,0.266520987654321,22.600453564421855,0.9739768120558073,32.78635911442051,0.9977121751196503,0,0.0
image_pitches_large/100_304_17_SKPDPPERPE_1_11_34_C_MBed_0,304_17_SKPDPPERPE_1_11_34_C_MBed,train,image_pitches_large,severe,False,0.03426666666666667,31.852207674513732,0.9968728451387071,34.40408287931314,0.9984023555150923,0,0.0
image_pitches_large/100_307_41_SKSWBPWJPS_1_11_28_D_LivingDining_0,307_41_SKSWBPWJPS_1_11_28_D_LivingDining,val,image_pitches_large,medium,False,0.028440740740740742,33.26635293551734,0.9964660789943,37.00591604804619,0.9986845095265916,0,0.0
image_pitches_large/100_308_15_SKEYPPEAPE_1_12_10_B_MBed_0,308_15_SKEYPPEAPE_1_12_10_B_MBed,test,image_pitches_large,severe,False,0.23640123456790124,24.941385566751222,0.9821265220118487,32.6426544210722,0.9974659743107078,0,0.0
image_pitches_large/100_30_89_TZTMTHMJMM_1_2_13_A_Bed_0,30_89_TZTMTHMJMM_1_2_13_A_Bed,train,image_pitches_large,severe,False,0.2661654320987654,25.360221679759697,0.9877454449993437,33.673674226773045,0.9985920837723065,0,0.0
image_pitches_large/100_31_4_OSRRQRUXOU_1_3_10_A_Bed_0,31_4_OSRRQRUXOU_1_3_10_A_Bed,train,image_pitches_large,severe,False,0.1564358024691358,27.558976793960447,0.9926037117492166,32.58066659789365,0.9978433664671833,0,0.0
image_pitches_large/100_325_38_SKPPWYPEPE_1_105_13_B_MBed_0,325_38_SKPPWYPEPE_1_105_13_B_MBed,train,image_pitches_large,severe,False,0.09575925925925927,27.80694541292729,0.9888404190952863,36.20832830493145,0.9985348410955083,0,0.0
image_pitches_large/101_325_38_SKPPWYPEPE_1_105_13_B_MBed_1,325_38_SKPPWYPEPE_1_105_13_B_MBed,train,image_pitches_large,light,False,0.018998765432098764,32.4793884424883,0.9787175862278303,41.541266502208025,0.9975739011839784,0,0.0
image_pitches_large/200_325_38_SKPPWYPEPE_1_105_13_B_MBed_0,325_38_SKPPWYPEPE_1_105_13_B_MBed,train,image_pitches_large,severe,False,0.10413333333333333,27.10608293630459,0.98685855816266,35.61774619704019,0.9983660374024348,0,0.0
image_pitches_large/201_325_38_SKPPWYPEPE_1_105_13_B_MBed_1,325_38_SKPPWYPEPE_1_105_13_B_MBed,train,image_pitches_large,light,False,0.02124074074074074,32.2584058281186,0.9761192137054356,41.20527007227612,0.9971176987434368,0,0.0
image_pitches_large/100_334_4_OSRRQRUXOU_1_110_1_D_Bed_0,334_4_OSRRQRUXOU_1_110_1_D_Bed,train,image_pitches_large,severe,False,0.3391740740740741,23.757857875957157,0.9500759237814446,33.20414504700517,0.9951845478998734,0,0.0
image_pitches_large/200_334_4_OSRRQRUXOU_1_110_1_D_Bed_0,334_4_OSRRQRUXOU_1_110_1_D_Bed,train,image_pitches_large,severe,False,0.30492098765432096,24.00870858707076,0.9526906904441926,33.30213131629657,0.9954151806138543,0,0.0
image_pitches_large/100_363_2_OSJDFRJRRU_1_14_2_D_Bed_0,363_2_OSJDFRJRRU_1_14_2_D_Bed,train,image_pitches_large,severe,False,0.15339753086419752,26.5129187420967,0.9733644339365622,31.625337677001927,0.99297609917737,0,0.0
image_pitches_large/100_379_11_SKBKBPEAPE_1_11_20_C_Living_0,379_11_SKBKBPEAPE_1_11_20_C_Living,val,image_pitches_large,severe,False,0.11692098765432099,27.70691755011018,0.9897694869452136,35.05026967945619,0.9984948460733463,0,0.0
image_pitches_large/101_379_11_SKBKBPEAPE_1_11_20_C_Living_1,379_11_SKBKBPEAPE_1_11_20_C_Living,val,image_pitches_large,medium,False,0.022969135802469134,28.91430751047942,0.9436819796249415,40.00315973650758,0.9963103761408449,0,0.0
image_pitches_large/100_396_11_SKBKBPEAPE_1_12_1_C_Bed_0,396_11_SKBKBPEAPE_1_12_1_C_Bed,train,image_pitches_large,severe,False,0.14976172839506172,25.996977550364008,0.9883703985948004,35.94392159416867,0.9990334661116281,0,0.0
image_pitches_large/100_562_17_SKPDPPERPE_2_29_38_B_Living_0,562_17_SKPDPPERPE_2_29_38_B_Living,val,image_pitches_large,severe,False,0.15675432098765432,24.222985594250144,0.970482471972603,32.551409060911865,0.9964528431430711,0,0.0
image_pitches_large/101_562_17_SKPDPPERPE_2_29_38_B_Living_1,562_17_SKPDPPERPE_2_29_38_B_Living,val,image_pitches_large,light,False,0.03077283950617284,31.311365256837238,0.9722462208276113,41.5575022983101,0.9978594885431912,0,0.0
image_pitches_large/100_56_15_SKEYPPEAPE_1_3_10_A_MBath_0,56_15_SKEYPPEAPE_1_3_10_A_MBath,train,image_pitches_large,medium,False,0.07431851851851852,28.564602668871238,0.9884599387399204,38.24576867925588,0.9988464580877319,0,0.0
image_pitches_large/101_56_15_SKEYPPEAPE_1_3_10_A_MBath_1,56_15_SKEYPPEAPE_1_3_10_A_MBath,train,image_pitches_large,severe,False,0.07168271604938271,30.20416950382454,0.9956694044248698,34.60893682613742,0.998511625237504,0,0.0
image_pitches_large/103_56_15_SKEYPPEAPE_1_3_10_A_MBath_3,56_15_SKEYPPEAPE_1_3_10_A_MBath,train,image_pitches_large,light,False,0.004324691358024692,40.1049159289856,0.9860239683265044,48.32270591687941,0.9980260244071598,0,0.0
image_pitches_large/100_589_87_TZSNTHIAHM_1_22_6_D_MBed_0,589_87_TZSNTHIAHM_1_22_6_D_MBed,train,image_pitches_large,light,False,0.02620246913580247,37.03629339522883,0.9974390109886566,43.28954890454747,0.9994062740060085,0,0.0
image_pitches_large/101_589_87_TZSNTHIAHM_1_22_6_D_MBed_1,589_87_TZSNTHIAHM_1_22_6_D_MBed,train,image_pitches_large,severe,False,0.17181358024691357,25.48988239075193,0.9891072760969472,34.79455859270328,0.9988958776429694,0,0.0
image_pitches_large/100_590_2_OSJDFRJRRU_1_20_31_F_Bed_0,590_2_OSJDFRJRRU_1_20_31_F_Bed,val,image_pitches_large,severe,False,0.23220493827160493,24.71595119263761,0.9858035592360866,34.65862792465592,0.9988206866822411,0,0.0
image_pitches_large/103_590_2_OSJDFRJRRU_1_20_31_F_Bed_3,590_2_OSJDFRJRRU_1_20_31_F_Bed,val,image_pitches_large,severe,False,0.09057530864197531,26.462204264867598,0.9809960446374153,35.472570402034485,0.9978185118316084,0,0.0
image_pitches_large/100_594_30_SKPPWKPEPE_2_38_36_B_Living_0,594_30_SKPPWKPEPE_2_38_36_B_Living,test,image_pitches_large,severe,False,0.0664358024691358,26.532880980644123,0.9812283155220014,34.21359260982757,0.9969631600480287,0,0.0
image_pitches_large/100_594_86_TZSMTHISHM_1_22_15_D_Bath_0,594_86_TZSMTHISHM_1_22_15_D_Bath,train,image_pitches_large,severe,False,0.15413086419753086,26.674777701155765,0.9895765415427094,37.735493880586844,0.9992544645216265,0,0.0
image_pitches_large/102_594_86_TZSMTHISHM_1_22_15_D_Bath_2,594_86_TZSMTHISHM_1_22_15_D_Bath,train,image_pitches_large,medium,False,0.09969506172839507,30.61153382415766,0.9960716236330817,38.2612417407931,0.9993901031575395,0,0.0
image_pitches_large/103_594_86_TZSMTHISHM_1_22_15_D_Bath_3,594_86_TZSMTHISHM_1_22_15_D_Bath,train,image_pitches_large,light,False,0.023392592592592593,35.00643869254622,0.997452698378019,39.40463024838941,0.9991960156785652,0,0.0
image_pitches_large/100_594_87_TZSNTHIAHM_1_22_11_D_MBed_0,594_87_TZSNTHIAHM_1_22_11_D_MBed,train,image_pitches_large,light,False,0.024628395061728394,37.136732697053056,0.9975269042887891,43.47892360283438,0.9994563770940652,0,0.0
image_pitches_large/101_594_87_TZSNTHIAHM_1_22_11_D_MBed_1,594_87_TZSNTHIAHM_1_22_11_D_MBed,train,image_pitches_large,severe,False,0.14314320987654322,25.525158106829036,0.9876922612194905,34.66073988363146,0.9986858353289483,0,0.0
image_pitches_large/106_594_87_TZSNTHIAHM_1_22_11_D_MBed_6,594_87_TZSNTHIAHM_1_22_11_D_MBed,train,image_pitches_large,light,False,0.014703703703703703,30.586077961118306,0.9664086283748397,40.03468071602058,0.9964558420643408,0,0.0
image_pitches_large/100_608_82_TZNITHIOHM_1_117_27_D_Bed_0,608_82_TZNITHIOHM_1_117_27_D_Bed,train,image_pitches_large,severe,False,0.20601358024691357,25.029944822473453,0.9735351768675996,32.85427345440556,0.996176407815443,0,0.0
image_pitches_large/100_609_11_SKBKBPEAPE_1_17_34_D_Bed_0,609_11_SKBKBPEAPE_1_17_34_D_Bed,train,image_pitches_large,medium,False,0.0574,29.383140463824734,0.9843739647545808,37.88586788673988,0.9979643173314807,0,0.0
image_pitches_large/101_609_11_SKBKBPEAPE_1_17_34_D_Bed_1,609_11_SKBKBPEAPE_1_17_34_D_Bed,train,image_pitches_large,light,False,0.024411111111111113,31.975335683540784,0.9833588026835524,40.539150035494075,0.9980087836894092,0,0.0
image_pitches_large/100_631_86_TZSMTHISHM_1_23_23_D_Utility_0,631_86_TZSMTHISHM_1_23_23_D_Utility,train,image_pitches_large,severe,False,0.17070246913580248,26.553764006143616,0.9883659890918021,35.156401996178985,0.9986888935593654,0,0.0
image_pitches_large/101_631_86_TZSMTHISHM_1_23_23_D_Utility_1,631_86_TZSMTHISHM_1_23_23_D_Utility,train,image_pitches_large,severe,False,0.12948888888888888,26.303907176747355,0.9853573506500611,37.22807960407768,0.9989171812316803,0,0.0
image_pitches_large/100_632_3_OSRJURUXRU_1_31_15_D_MBed_0,632_3_OSRJURUXRU_1_31_15_D_MBed,train,image_pitches_large,severe,False,0.2745925925925926,24.77697152103406,0.9851609092916974,33.097155966807435,0.9981033955700526,0,0.0
image_pitches_large/200_632_3_OSRJURUXRU_1_31_15_D_MBed_0,632_3_OSRJURUXRU_1_31_15_D_MBed,train,image_pitches_large,severe,False,0.2694469135802469,24.554951605647677,0.9844993692170175,33.32595941394686,0.9982366713724325,0,0.0
image_pitches_large/102_632_84_TZSHZHMRHM_1_20_25_B_Living_2,632_84_TZSHZHMRHM_1_20_25_B_Living,test,image_pitches_large,medium,False,0.07295432098765432,27.241017812346946,0.9831972524380979,36.119481916981194,0.9984009115912573,0,0.0
image_pitches_large/103_632_84_TZSHZHMRHM_1_20_25_B_Living_3,632_84_TZSHZHMRHM_1_20_25_B_Living,test,image_pitches_large,light,False,0.025207407407407408,31.015761405319676,0.9721861075163155,40.84082460325044,0.9975849774675901,0,0.0
image_pitches_large/100_637_3_OSRJURUXRU_1_31_20_D_MBed_0,637_3_OSRJURUXRU_1_31_20_D_MBed,train,image_pitches_large,severe,False,0.11040740740740741,28.742103730554135,0.9938434762741832,35.153172124073976,0.9988161044042725,0,0.0
image_pitches_large/101_637_3_OSRJURUXRU_1_31_20_D_MBed_1,637_3_OSRJURUXRU_1_31_20_D_MBed,train,image_pitches_large,medium,False,0.02913827160493827,29.99066412789512,0.9740119365770835,39.64936411915899,0.997669784696205,0,0.0
image_pitches_large/102_637_3_OSRJURUXRU_1_31_20_D_MBed_2,637_3_OSRJURUXRU_1_31_20_D_MBed,train,image_pitches_large,light,False,0.003745679012345679,39.83801255188989,0.9898829922351763,48.0846957486859,0.9987934341214156,0,0.0
image_pitches_large/100_650_86_TZSMTHISHM_1_24_13_D_LivingDining_0,650_86_TZSMTHISHM_1_24_13_D_LivingDining,test,image_pitches_large,severe,False,0.15194567901234568,27.11440089174712,0.9902293950576526,37.51848346683057,0.9992176709427056,0,0.0
image_pitches_large/101_650_86_TZSMTHISHM_1_24_13_D_LivingDining_1,650_86_TZSMTHISHM_1_24_13_D_LivingDining,test,image_pitches_large,severe,False,0.07761604938271605,30.149633905998602,0.9965531842695508,34.709423118614005,0.9989176884586907,0,0.0
image_pitches_large/200_650_86_TZSMTHISHM_1_24_13_D_LivingDining_0,650_86_TZSMTHISHM_1_24_13_D_LivingDining,test,image_pitches_large,severe,False,0.14716296296296297,26.63331755482297,0.9891781085300648,37.34685966797315,0.9991800034276952,0,0.0
image_pitches_large/201_650_86_TZSMTHISHM_1_24_13_D_LivingDining_1,650_86_TZSMTHISHM_1_24_13_D_LivingDining,test,image_pitches_large,severe,False,0.07120864197530864,29.904267102285615,0.9963420633918759,34.60439215372816,0.9988696855028523,0,0.0
image_pitches_large/100_651_3_OSRJURUXRU_1_32_8_D_Bed_0,651_3_OSRJURUXRU_1_32_8_D_Bed,train,image_pitches_large,severe,False,0.18190493827160495,27.40665587478835,0.9937803745520818,36.02865218073336,0.9992276125230539,0,0.0
image_pitches_large/101_651_3_OSRJURUXRU_1_32_8_D_Bed_1,651_3_OSRJURUXRU_1_32_8_D_Bed,train,image_pitches_large,medium,False,0.04498888888888889,32.57666161947492,0.9978214346845268,35.83937713750059,0.9990612746749078,0,0.0
image_pitches_large/100_666_87_TZSNTHIAHM_1_24_25_D_LivingDining_0,666_87_TZSNTHIAHM_1_24_25_D_LivingDining,train,image_pitches_large,severe,False,0.11867407407407407,28.046259383648714,0.9917249323957782,35.19668453574755,0.9986165994449433,0,0.0
image_pitches_large/101_666_87_TZSNTHIAHM_1_24_25_D_LivingDining_1,666_87_TZSNTHIAHM_1_24_25_D_LivingDining,train,image_pitches_large,light,False,0.014641975308641975,34.07210297119503,0.9796120340119425,45.038346006189,0.9986161033372364,0,0.0
image_pitches_large/200_666_87_TZSNTHIAHM_1_24_25_D_LivingDining_0,666_87_TZSNTHIAHM_1_24_25_D_LivingDining,train,image_pitches_large,severe,False,0.11867407407407407,28.046259383648714,0.9917249323957782,35.19668453574755,0.9986165994449433,0,0.0
image_pitches_large/201_666_87_TZSNTHIAHM_1_24_25_D_LivingDining_1,666_87_TZSNTHIAHM_1_24_25_D_LivingDining,train,image_pitches_large,light,False,0.014641975308641975,34.07210297119503,0.9796120340119425,45.038346006189,0.9986161033372364,0,0.0
image_pitches_large/100_667_3_OSRJURUXRU_1_32_24_D_Bed_0,667_3_OSRJURUXRU_1_32_24_D_Bed,val,image_pitches_large,severe,False,0.13374444444444444,28.016834426665902,0.9901251517345377,36.20954371752528,0.9987913421433333,0,0.0
image_pitches_large/100_682_41_SKSWBPWJPS_1_26_11_C_Bed_0,682_41_SKSWBPWJPS_1_26_11_C_Bed,train,image_pitches_large,severe,False,0.18204197530864197,24.185032964920204,0.978726238110886,33.922221253235314,0.9980202335586854,0,0.0
image_pitches_large/100_700_41_SKSWBPWJPS_1_28_1_C_LivingDining_0,700_41_SKSWBPWJPS_1_28_1_C_LivingDining,test,image_pitches_large,severe,False,0.14235185185185184,27.590455733158393,0.9927270954127574,34.2352897687429,0.9985776919074918,0,0.0
image_pitches_large/100_838_27_SKPPWEPXPE_5_95_23_B_Living_0,838_27_SKPPWEPXPE_5_95_23_B_Living,train,image_pitches_large,severe,False,0.07418641975308642,29.515136557758286,0.9960804866285627,34.96158079660251,0.9989557079322012,0,0.0
image_pitches_large/100_847_81_TZMNIHIXHM_1_22_43_C_MBed_0,847_81_TZMNIHIXHM_1_22_43_C_MBed,train,image_pitches_large,severe,False,0.09240123456790124,28.509398584922323,0.9479242689814004,34.138473013823905,0.9881659832913756,0,0.0
image_pitches_large/100_883_71_TZDZTHIRHM_1_26_34_C_LivingDining_0,883_71_TZDZTHIRHM_1_26_34_C_LivingDining,train,image_pitches_large,medium,False,0.08307901234567901,29.590052992467783,0.9948807936796188,35.50507135964747,0.9988630404898283,0,0.0
image_pitches_large/100_884_27_SKPPWEPXPE_5_96_43_C_Living_0,884_27_SKPPWEPXPE_5_96_43_C_Living,test,image_pitches_large,severe,False,0.10812098765432099,28.882924102941665,0.9934671245815087,36.23325283679008,0.9989728175988015,0,0.0
image_pitches_large/100_908_80_TZLZZHIOHT_1_223_7_H_Bed_0,908_80_TZLZZHIOHT_1_223_7_H_Bed,test,image_pitches_large,medium,False,0.08987654320987655,27.61270750248912,0.9888721189290554,36.56093075821192,0.9986777587028678,0,0.0
image_pitches_large/100_90_78_TZIDZHMXHM_2_27_8_A_Utility_0,90_78_TZIDZHMXHM_2_27_8_A_Utility,val,image_pitches_large,severe,False,0.12012345679012346,27.61847676169941,0.8320830392003428,31.376963674217663,0.9463404609930213,0,0.0
