allowed_outside_max_abs,allowed_outside_mean_abs,boundary_color_lab_l1,boundary_edge_l1,category,degradation,final_route,manual_sam_iou,mask_ratio,mask_source,masked_lpips,masked_lpips_median,masked_psnr,masked_psnr_median,masked_ssim,masked_ssim_median,method,n,reference_coverage,reference_inlier_ratio,reference_reliable,row_type,runtime_sec,sam_mask_ratio,sample_id,severity,showcase_index,split,win_rate_vs_identity
0,0.0,0.0,0.0,other,,,1.00000000,1.0,manual,nan,,nan,,nan,,Identity_abstain,,0.000000,0.000000,False,sample,,1.00000000,showcase_00_112_22_SKPPWBPEPE_2_34_13_Whole_MClo_114.149192_22.282896_120.74_124.801802,large,0,,
0,0.0,0.0,0.0,other,,abstain,1.00000000,1.0,manual,nan,,nan,,nan,,final,,0.000000,0.000000,False,sample,,1.00000000,showcase_00_112_22_SKPPWBPEPE_2_34_13_Whole_MClo_114.149192_22.282896_120.74_124.801802,large,0,,
0,0.0,0.0,0.0,other,,,1.00000000,1.0,sam,nan,,nan,,nan,,Identity_abstain,,0.000000,0.000000,False,sample,,1.00000000,showcase_00_112_22_SKPPWBPEPE_2_34_13_Whole_MClo_114.149192_22.282896_120.74_124.801802,large,0,,
0,0.0,0.0,0.0,other,,abstain,1.00000000,1.0,sam,nan,,nan,,nan,,final,,0.000000,0.000000,False,sample,,1.00000000,showcase_00_112_22_SKPPWBPEPE_2_34_13_Whole_MClo_114.149192_22.282896_120.74_124.801802,large,0,,
0,0.0,0.0,0.0,Bed,,,0.99328201,0.8728654320987654,manual,nan,,nan,,nan,,Identity_abstain,,0.001759,0.600000,False,sample,,0.87771358,showcase_01_409_80_TZLZZHIOHT_1_203_1_D_Bed_1_114.144984_22.284617_88.68_30.932161,large,1,,
0,0.0,0.07695265859365463,0.925936222076416,Bed,,,0.99328201,0.8728654320987654,manual,nan,,nan,,nan,,R1_NAFNet,,0.001759,0.600000,False,sample,,0.87771358,showcase_01_409_80_TZLZZHIOHT_1_203_1_D_Bed_1_114.144984_22.284617_88.68_30.932161,large,1,,
0,0.0,0.4907954931259155,7.2859649658203125,Bed,,,0.99328201,0.8728654320987654,manual,nan,,nan,,nan,,R2_LaMa,,0.001759,0.600000,False,sample,,0.87771358,showcase_01_409_80_TZLZZHIOHT_1_203_1_D_Bed_1_114.144984_22.284617_88.68_30.932161,large,1,,
0,0.0,0.4907954931259155,7.2859649658203125,Bed,,R2_LaMa,0.99328201,0.8728654320987654,manual,nan,,nan,,nan,,final,,0.001759,0.600000,False,sample,,0.87771358,showcase_01_409_80_TZLZZHIOHT_1_203_1_D_Bed_1_114.144984_22.284617_88.68_30.932161,large,1,,
0,0.0,0.0,0.0,Bed,,,0.99328201,0.8777135802469136,sam,nan,,nan,,nan,,Identity_abstain,,0.001759,0.600000,False,sample,,0.87771358,showcase_01_409_80_TZLZZHIOHT_1_203_1_D_Bed_1_114.144984_22.284617_88.68_30.932161,large,1,,
0,0.0,0.09732894599437714,1.271296501159668,Bed,,,0.99328201,0.8777135802469136,sam,nan,,nan,,nan,,R1_NAFNet,,0.001759,0.600000,False,sample,,0.87771358,showcase_01_409_80_TZLZZHIOHT_1_203_1_D_Bed_1_114.144984_22.284617_88.68_30.932161,large,1,,
0,0.0,0.501280665397644,8.925968170166016,Bed,,,0.99328201,0.8777135802469136,sam,nan,,nan,,nan,,R2_LaMa,,0.001759,0.600000,False,sample,,0.87771358,showcase_01_409_80_TZLZZHIOHT_1_203_1_D_Bed_1_114.144984_22.284617_88.68_30.932161,large,1,,
0,0.0,0.501280665397644,8.925968170166016,Bed,,R2_LaMa,0.99328201,0.8777135802469136,sam,nan,,nan,,nan,,final,,0.001759,0.600000,False,sample,,0.87771358,showcase_01_409_80_TZLZZHIOHT_1_203_1_D_Bed_1_114.144984_22.284617_88.68_30.932161,large,1,,
0,0.0,0.0,0.0,Bed,,,1.00000000,1.0,manual,nan,,nan,,nan,,Identity_abstain,,0.839016,0.389262,True,sample,,1.00000000,showcase_02_124_85_TZSITHMXHM_1_11_5_2_Bed_1_114.152023_22.27867_167.35_37.628964,large,2,,
0,0.0,0.0,0.0,Bed,,,1.00000000,1.0,manual,nan,,nan,,nan,,reference,,0.839016,0.389262,True,sample,,1.00000000,showcase_02_124_85_TZSITHMXHM_1_11_5_2_Bed_1_114.152023_22.27867_167.35_37.628964,large,2,,
0,0.0,0.0,0.0,Bed,,reference,1.00000000,1.0,manual,nan,,nan,,nan,,final,,0.839016,0.389262,True,sample,,1.00000000,showcase_02_124_85_TZSITHMXHM_1_11_5_2_Bed_1_114.152023_22.27867_167.35_37.628964,large,2,,
0,0.0,0.0,0.0,Bed,,,1.00000000,1.0,sam,nan,,nan,,nan,,Identity_abstain,,0.839016,0.389262,True,sample,,1.00000000,showcase_02_124_85_TZSITHMXHM_1_11_5_2_Bed_1_114.152023_22.27867_167.35_37.628964,large,2,,
0,0.0,0.0,0.0,Bed,,,1.00000000,1.0,sam,nan,,nan,,nan,,reference,,0.839016,0.389262,True,sample,,1.00000000,showcase_02_124_85_TZSITHMXHM_1_11_5_2_Bed_1_114.152023_22.27867_167.35_37.628964,large,2,,
0,0.0,0.0,0.0,Bed,,reference,1.00000000,1.0,sam,nan,,nan,,nan,,final,,0.839016,0.389262,True,sample,,1.00000000,showcase_02_124_85_TZSITHMXHM_1_11_5_2_Bed_1_114.152023_22.27867_167.35_37.628964,large,2,,
0,0.0,0.0,0.0,Null,,,0.99987160,1.0,manual,nan,,nan,,nan,,Identity_abstain,,0.797521,0.952206,True,sample,,0.99987160,showcase_03_100_67_TZDSIHSXMT_1_10_10_C_Null_114.141834_22.282128_142.1873_171.551879,large,3,,
0,0.0,0.0,0.0,Null,,,0.99987160,1.0,manual,nan,,nan,,nan,,reference,,0.797521,0.952206,True,sample,,0.99987160,showcase_03_100_67_TZDSIHSXMT_1_10_10_C_Null_114.141834_22.282128_142.1873_171.551879,large,3,,
0,0.0,0.0,0.0,Null,,reference,0.99987160,1.0,manual,nan,,nan,,nan,,final,,0.797521,0.952206,True,sample,,0.99987160,showcase_03_100_67_TZDSIHSXMT_1_10_10_C_Null_114.141834_22.282128_142.1873_171.551879,large,3,,
0,0.0,0.0,0.0,Null,,,0.99987160,0.9998716049382717,sam,nan,,nan,,nan,,Identity_abstain,,0.797521,0.952206,True,sample,,0.99987160,showcase_03_100_67_TZDSIHSXMT_1_10_10_C_Null_114.141834_22.282128_142.1873_171.551879,large,3,,
0,0.0,6.514124393463135,61.84140396118164,Null,,,0.99987160,0.9998716049382717,sam,nan,,nan,,nan,,reference,,0.797521,0.952206,True,sample,,0.99987160,showcase_03_100_67_TZDSIHSXMT_1_10_10_C_Null_114.141834_22.282128_142.1873_171.551879,large,3,,
0,0.0,6.514124393463135,61.84140396118164,Null,,reference,0.99987160,0.9998716049382717,sam,nan,,nan,,nan,,final,,0.797521,0.952206,True,sample,,0.99987160,showcase_03_100_67_TZDSIHSXMT_1_10_10_C_Null_114.141834_22.282128_142.1873_171.551879,large,3,,
0,0.0,0.0,0.0,Bed,,,0.99232946,0.9018888888888889,manual,nan,,nan,,nan,,Identity_abstain,,0.000398,0.500000,False,sample,,0.90665679,showcase_04_334_4_OSRRQRUXOU_1_110_1_D_Bed_2_114.150701_22.279246_166.77_131.407626,large,4,,
0,0.0,0.07393234223127365,1.2321159839630127,Bed,,,0.99232946,0.9018888888888889,manual,nan,,nan,,nan,,R1_NAFNet,,0.000398,0.500000,False,sample,,0.90665679,showcase_04_334_4_OSRRQRUXOU_1_110_1_D_Bed_2_114.150701_22.279246_166.77_131.407626,large,4,,
0,0.0,1.2094494104385376,19.775522232055664,Bed,,,0.99232946,0.9018888888888889,manual,nan,,nan,,nan,,R2_LaMa,,0.000398,0.500000,False,sample,,0.90665679,showcase_04_334_4_OSRRQRUXOU_1_110_1_D_Bed_2_114.150701_22.279246_166.77_131.407626,large,4,,
0,0.0,1.2094494104385376,19.775522232055664,Bed,,R2_LaMa,0.99232946,0.9018888888888889,manual,nan,,nan,,nan,,final,,0.000398,0.500000,False,sample,,0.90665679,showcase_04_334_4_OSRRQRUXOU_1_110_1_D_Bed_2_114.150701_22.279246_166.77_131.407626,large,4,,
0,0.0,0.0,0.0,Bed,,,0.99232946,0.9066567901234568,sam,nan,,nan,,nan,,Identity_abstain,,0.000398,0.500000,False,sample,,0.90665679,showcase_04_334_4_OSRRQRUXOU_1_110_1_D_Bed_2_114.150701_22.279246_166.77_131.407626,large,4,,
0,0.0,0.07846427708864212,1.1888178586959839,Bed,,,0.99232946,0.9066567901234568,sam,nan,,nan,,nan,,R1_NAFNet,,0.000398,0.500000,False,sample,,0.90665679,showcase_04_334_4_OSRRQRUXOU_1_110_1_D_Bed_2_114.150701_22.279246_166.77_131.407626,large,4,,
0,0.0,0.8672260642051697,15.32290267944336,Bed,,,0.99232946,0.9066567901234568,sam,nan,,nan,,nan,,R2_LaMa,,0.000398,0.500000,False,sample,,0.90665679,showcase_04_334_4_OSRRQRUXOU_1_110_1_D_Bed_2_114.150701_22.279246_166.77_131.407626,large,4,,
0,0.0,0.8672260642051697,15.32290267944336,Bed,,R2_LaMa,0.99232946,0.9066567901234568,sam,nan,,nan,,nan,,final,,0.000398,0.500000,False,sample,,0.90665679,showcase_04_334_4_OSRRQRUXOU_1_110_1_D_Bed_2_114.150701_22.279246_166.77_131.407626,large,4,,
0,0.0,0.0,0.0,Kitchen,,,1.00000000,1.0,manual,nan,,nan,,nan,,Identity_abstain,,0.000070,0.384615,False,sample,,1.00000000,showcase_05_326_84_TZSHZHMRHM_1_11_7_C_Kitchen_114.150158_22.280246_161.8387_118.38845,large,5,,
0,0.0,0.0,0.0,Kitchen,,abstain,1.00000000,1.0,manual,nan,,nan,,nan,,final,,0.000070,0.384615,False,sample,,1.00000000,showcase_05_326_84_TZSHZHMRHM_1_11_7_C_Kitchen_114.150158_22.280246_161.8387_118.38845,large,5,,
0,0.0,0.0,0.0,Kitchen,,,1.00000000,1.0,sam,nan,,nan,,nan,,Identity_abstain,,0.000070,0.384615,False,sample,,1.00000000,showcase_05_326_84_TZSHZHMRHM_1_11_7_C_Kitchen_114.150158_22.280246_161.8387_118.38845,large,5,,
0,0.0,0.0,0.0,Kitchen,,abstain,1.00000000,1.0,sam,nan,,nan,,nan,,final,,0.000070,0.384615,False,sample,,1.00000000,showcase_05_326_84_TZSHZHMRHM_1_11_7_C_Kitchen_114.150158_22.280246_161.8387_118.38845,large,5,,
0,0.0,0.0,0.0,Kitchen,,,1.00000000,1.0,manual,nan,,nan,,nan,,Identity_abstain,,0.000397,0.800000,False,sample,,1.00000000,showcase_06_11_16_SKKYGPBEPE_1_1_15_A_Kitchen_114.151878_22.278839_167.6916_172.417722,large,6,,
0,0.0,0.0,0.0,Kitchen,,abstain,1.00000000,1.0,manual,nan,,nan,,nan,,final,,0.000397,0.800000,False,sample,,1.00000000,showcase_06_11_16_SKKYGPBEPE_1_1_15_A_Kitchen_114.151878_22.278839_167.6916_172.417722,large,6,,
0,0.0,0.0,0.0,Kitchen,,,1.00000000,1.0,sam,nan,,nan,,nan,,Identity_abstain,,0.000397,0.800000,False,sample,,1.00000000,showcase_06_11_16_SKKYGPBEPE_1_1_15_A_Kitchen_114.151878_22.278839_167.6916_172.417722,large,6,,
0,0.0,0.0,0.0,Kitchen,,abstain,1.00000000,1.0,sam,nan,,nan,,nan,,final,,0.000397,0.800000,False,sample,,1.00000000,showcase_06_11_16_SKKYGPBEPE_1_1_15_A_Kitchen_114.151878_22.278839_167.6916_172.417722,large,6,,
0,0.0,0.0,0.0,Bed,,,0.98408090,0.6743456790123457,manual,nan,,nan,,nan,,Identity_abstain,,0.000000,0.000000,False,sample,,0.68140864,showcase_07_10_72_TZDZZHIAHT_1_1_11_F_Bed_1_114.144757_22.284454_117.7657_167.392177,large,7,,
0,0.0,0.04222821071743965,0.7725253105163574,Bed,,,0.98408090,0.6743456790123457,manual,nan,,nan,,nan,,R1_NAFNet,,0.000000,0.000000,False,sample,,0.68140864,showcase_07_10_72_TZDZZHIAHT_1_1_11_F_Bed_1_114.144757_22.284454_117.7657_167.392177,large,7,,
0,0.0,1.003593921661377,20.956117630004883,Bed,,,0.98408090,0.6743456790123457,manual,nan,,nan,,nan,,R2_LaMa,,0.000000,0.000000,False,sample,,0.68140864,showcase_07_10_72_TZDZZHIAHT_1_1_11_F_Bed_1_114.144757_22.284454_117.7657_167.392177,large,7,,
0,0.0,1.003593921661377,20.956117630004883,Bed,,R2_LaMa,0.98408090,0.6743456790123457,manual,nan,,nan,,nan,,final,,0.000000,0.000000,False,sample,,0.68140864,showcase_07_10_72_TZDZZHIAHT_1_1_11_F_Bed_1_114.144757_22.284454_117.7657_167.392177,large,7,,
0,0.0,0.0,0.0,Bed,,,0.98408090,0.6814086419753086,sam,nan,,nan,,nan,,Identity_abstain,,0.000000,0.000000,False,sample,,0.68140864,showcase_07_10_72_TZDZZHIAHT_1_1_11_F_Bed_1_114.144757_22.284454_117.7657_167.392177,large,7,,
0,0.0,0.01602899096906185,0.44502368569374084,Bed,,,0.98408090,0.6814086419753086,sam,nan,,nan,,nan,,R1_NAFNet,,0.000000,0.000000,False,sample,,0.68140864,showcase_07_10_72_TZDZZHIAHT_1_1_11_F_Bed_1_114.144757_22.284454_117.7657_167.392177,large,7,,
0,0.0,0.5765558481216431,13.396441459655762,Bed,,,0.98408090,0.6814086419753086,sam,nan,,nan,,nan,,R2_LaMa,,0.000000,0.000000,False,sample,,0.68140864,showcase_07_10_72_TZDZZHIAHT_1_1_11_F_Bed_1_114.144757_22.284454_117.7657_167.392177,large,7,,
0,0.0,0.5765558481216431,13.396441459655762,Bed,,R2_LaMa,0.98408090,0.6814086419753086,sam,nan,,nan,,nan,,final,,0.000000,0.000000,False,sample,,0.68140864,showcase_07_10_72_TZDZZHIAHT_1_1_11_F_Bed_1_114.144757_22.284454_117.7657_167.392177,large,7,,
0,0.0,0.0,0.0,Bed,,,0.92378771,0.4373666666666667,manual,nan,,nan,,nan,,Identity_abstain,,0.022611,0.410526,False,sample,,0.46584691,showcase_08_152_10_SKADBPYRPE_3_25_28_A_Bed_2_114.149297_22.282768_152.26_30.57121,medium,8,,
0,0.0,0.09568656235933304,1.4498534202575684,Bed,,,0.92378771,0.4373666666666667,manual,nan,,nan,,nan,,R1_NAFNet,,0.022611,0.410526,False,sample,,0.46584691,showcase_08_152_10_SKADBPYRPE_3_25_28_A_Bed_2_114.149297_22.282768_152.26_30.57121,medium,8,,
0,0.0,0.8958740830421448,18.75203514099121,Bed,,,0.92378771,0.4373666666666667,manual,nan,,nan,,nan,,R2_LaMa,,0.022611,0.410526,False,sample,,0.46584691,showcase_08_152_10_SKADBPYRPE_3_25_28_A_Bed_2_114.149297_22.282768_152.26_30.57121,medium,8,,
0,0.0,0.09568656235933304,1.4498534202575684,Bed,,R1_NAFNet,0.92378771,0.4373666666666667,manual,nan,,nan,,nan,,final,,0.022611,0.410526,False,sample,,0.46584691,showcase_08_152_10_SKADBPYRPE_3_25_28_A_Bed_2_114.149297_22.282768_152.26_30.57121,medium,8,,
0,0.0,0.0,0.0,Bed,,,0.92378771,0.46584691358024694,sam,nan,,nan,,nan,,Identity_abstain,,0.022611,0.410526,False,sample,,0.46584691,showcase_08_152_10_SKADBPYRPE_3_25_28_A_Bed_2_114.149297_22.282768_152.26_30.57121,medium,8,,
0,0.0,0.06209859624505043,1.0641196966171265,Bed,,,0.92378771,0.46584691358024694,sam,nan,,nan,,nan,,R1_NAFNet,,0.022611,0.410526,False,sample,,0.46584691,showcase_08_152_10_SKADBPYRPE_3_25_28_A_Bed_2_114.149297_22.282768_152.26_30.57121,medium,8,,
0,0.0,0.5565354824066162,12.990936279296875,Bed,,,0.92378771,0.46584691358024694,sam,nan,,nan,,nan,,R2_LaMa,,0.022611,0.410526,False,sample,,0.46584691,showcase_08_152_10_SKADBPYRPE_3_25_28_A_Bed_2_114.149297_22.282768_152.26_30.57121,medium,8,,
0,0.0,0.06209859624505043,1.0641196966171265,Bed,,R1_NAFNet,0.92378771,0.46584691358024694,sam,nan,,nan,,nan,,final,,0.022611,0.410526,False,sample,,0.46584691,showcase_08_152_10_SKADBPYRPE_3_25_28_A_Bed_2_114.149297_22.282768_152.26_30.57121,medium,8,,
0,0.0,0.0,0.0,Living,,,0.99682564,0.3660185185185185,manual,nan,,nan,,nan,,Identity_abstain,,0.893228,0.895652,True,sample,,0.36709506,showcase_09_11_62_TTSDZHIVHT_1_3_16_A_Living_114.13213_22.282362_109.46_60.14074,medium,9,,
0,0.0,0.2674562931060791,3.47098445892334,Living,,,0.99682564,0.3660185185185185,manual,nan,,nan,,nan,,R1_NAFNet,,0.893228,0.895652,True,sample,,0.36709506,showcase_09_11_62_TTSDZHIVHT_1_3_16_A_Living_114.13213_22.282362_109.46_60.14074,medium,9,,
0,0.0,1.365482211112976,25.46885871887207,Living,,,0.99682564,0.3660185185185185,manual,nan,,nan,,nan,,R2_LaMa,,0.893228,0.895652,True,sample,,0.36709506,showcase_09_11_62_TTSDZHIVHT_1_3_16_A_Living_114.13213_22.282362_109.46_60.14074,medium,9,,
0,0.0,2.6310207843780518,49.053855895996094,Living,,,0.99682564,0.3660185185185185,manual,nan,,nan,,nan,,reference,,0.893228,0.895652,True,sample,,0.36709506,showcase_09_11_62_TTSDZHIVHT_1_3_16_A_Living_114.13213_22.282362_109.46_60.14074,medium,9,,
0,0.0,0.2674562931060791,3.47098445892334,Living,,R1_NAFNet,0.99682564,0.3660185185185185,manual,nan,,nan,,nan,,final,,0.893228,0.895652,True,sample,,0.36709506,showcase_09_11_62_TTSDZHIVHT_1_3_16_A_Living_114.13213_22.282362_109.46_60.14074,medium,9,,
0,0.0,0.0,0.0,Living,,,0.99682564,0.36709506172839507,sam,nan,,nan,,nan,,Identity_abstain,,0.893228,0.895652,True,sample,,0.36709506,showcase_09_11_62_TTSDZHIVHT_1_3_16_A_Living_114.13213_22.282362_109.46_60.14074,medium,9,,
0,0.0,0.19867061078548431,2.6095809936523438,Living,,,0.99682564,0.36709506172839507,sam,nan,,nan,,nan,,R1_NAFNet,,0.893228,0.895652,True,sample,,0.36709506,showcase_09_11_62_TTSDZHIVHT_1_3_16_A_Living_114.13213_22.282362_109.46_60.14074,medium,9,,
0,0.0,0.8147464394569397,15.244050979614258,Living,,,0.99682564,0.36709506172839507,sam,nan,,nan,,nan,,R2_LaMa,,0.893228,0.895652,True,sample,,0.36709506,showcase_09_11_62_TTSDZHIVHT_1_3_16_A_Living_114.13213_22.282362_109.46_60.14074,medium,9,,
0,0.0,1.584687352180481,31.693201065063477,Living,,,0.99682564,0.36709506172839507,sam,nan,,nan,,nan,,reference,,0.893228,0.895652,True,sample,,0.36709506,showcase_09_11_62_TTSDZHIVHT_1_3_16_A_Living_114.13213_22.282362_109.46_60.14074,medium,9,,
0,0.0,0.19867061078548431,2.6095809936523438,Living,,R1_NAFNet,0.99682564,0.36709506172839507,sam,nan,,nan,,nan,,final,,0.893228,0.895652,True,sample,,0.36709506,showcase_09_11_62_TTSDZHIVHT_1_3_16_A_Living_114.13213_22.282362_109.46_60.14074,medium,9,,
0,0.0,0.0,0.0,Living,,,0.91837082,0.6049938271604939,manual,nan,,nan,,nan,,Identity_abstain,,0.005643,0.666667,False,sample,,0.64775679,showcase_10_332_11_SKBKBPEAPE_1_10_9_B_Living_114.148944_22.280819_177.7997_124.083485,medium,10,,
0,0.0,0.06147393211722374,0.9820616841316223,Living,,,0.91837082,0.6049938271604939,manual,nan,,nan,,nan,,R1_NAFNet,,0.005643,0.666667,False,sample,,0.64775679,showcase_10_332_11_SKBKBPEAPE_1_10_9_B_Living_114.148944_22.280819_177.7997_124.083485,medium,10,,
0,0.0,1.0173176527023315,19.522125244140625,Living,,,0.91837082,0.6049938271604939,manual,nan,,nan,,nan,,R2_LaMa,,0.005643,0.666667,False,sample,,0.64775679,showcase_10_332_11_SKBKBPEAPE_1_10_9_B_Living_114.148944_22.280819_177.7997_124.083485,medium,10,,
0,0.0,0.06147393211722374,0.9820616841316223,Living,,R1_NAFNet,0.91837082,0.6049938271604939,manual,nan,,nan,,nan,,final,,0.005643,0.666667,False,sample,,0.64775679,showcase_10_332_11_SKBKBPEAPE_1_10_9_B_Living_114.148944_22.280819_177.7997_124.083485,medium,10,,
0,0.0,0.0,0.0,Living,,,0.91837082,0.6477567901234568,sam,nan,,nan,,nan,,Identity_abstain,,0.005643,0.666667,False,sample,,0.64775679,showcase_10_332_11_SKBKBPEAPE_1_10_9_B_Living_114.148944_22.280819_177.7997_124.083485,medium,10,,
0,0.0,0.022804973646998405,0.5124746561050415,Living,,,0.91837082,0.6477567901234568,sam,nan,,nan,,nan,,R1_NAFNet,,0.005643,0.666667,False,sample,,0.64775679,showcase_10_332_11_SKBKBPEAPE_1_10_9_B_Living_114.148944_22.280819_177.7997_124.083485,medium,10,,
0,0.0,0.4273504316806793,7.370699882507324,Living,,,0.91837082,0.6477567901234568,sam,nan,,nan,,nan,,R2_LaMa,,0.005643,0.666667,False,sample,,0.64775679,showcase_10_332_11_SKBKBPEAPE_1_10_9_B_Living_114.148944_22.280819_177.7997_124.083485,medium,10,,
0,0.0,0.022804973646998405,0.5124746561050415,Living,,R1_NAFNet,0.91837082,0.6477567901234568,sam,nan,,nan,,nan,,final,,0.005643,0.666667,False,sample,,0.64775679,showcase_10_332_11_SKBKBPEAPE_1_10_9_B_Living_114.148944_22.280819_177.7997_124.083485,medium,10,,
0,0.0,0.0,0.0,other,,,0.97111910,0.5948246913580247,manual,nan,,nan,,nan,,Identity_abstain,,0.763278,0.766423,True,sample,,0.61075556,showcase_11_291_41_SKSWBPWJPS_1_11_12_D_LivingDining_114.142098_22.284331_102.0552_26.061722,medium,11,,
0,0.0,0.04061032831668854,0.8284513354301453,other,,,0.97111910,0.5948246913580247,manual,nan,,nan,,nan,,R1_NAFNet,,0.763278,0.766423,True,sample,,0.61075556,showcase_11_291_41_SKSWBPWJPS_1_11_12_D_LivingDining_114.142098_22.284331_102.0552_26.061722,medium,11,,
0,0.0,1.3286385536193848,22.184446334838867,other,,,0.97111910,0.5948246913580247,manual,nan,,nan,,nan,,R2_LaMa,,0.763278,0.766423,True,sample,,0.61075556,showcase_11_291_41_SKSWBPWJPS_1_11_12_D_LivingDining_114.142098_22.284331_102.0552_26.061722,medium,11,,
0,0.0,3.6740024089813232,53.44165802001953,other,,,0.97111910,0.5948246913580247,manual,nan,,nan,,nan,,reference,,0.763278,0.766423,True,sample,,0.61075556,showcase_11_291_41_SKSWBPWJPS_1_11_12_D_LivingDining_114.142098_22.284331_102.0552_26.061722,medium,11,,
0,0.0,0.04061032831668854,0.8284513354301453,other,,R1_NAFNet,0.97111910,0.5948246913580247,manual,nan,,nan,,nan,,final,,0.763278,0.766423,True,sample,,0.61075556,showcase_11_291_41_SKSWBPWJPS_1_11_12_D_LivingDining_114.142098_22.284331_102.0552_26.061722,medium,11,,
0,0.0,0.0,0.0,other,,,0.97111910,0.6107555555555556,sam,nan,,nan,,nan,,Identity_abstain,,0.763278,0.766423,True,sample,,0.61075556,showcase_11_291_41_SKSWBPWJPS_1_11_12_D_LivingDining_114.142098_22.284331_102.0552_26.061722,medium,11,,
0,0.0,0.03461841121315956,0.7426360249519348,other,,,0.97111910,0.6107555555555556,sam,nan,,nan,,nan,,R1_NAFNet,,0.763278,0.766423,True,sample,,0.61075556,showcase_11_291_41_SKSWBPWJPS_1_11_12_D_LivingDining_114.142098_22.284331_102.0552_26.061722,medium,11,,
0,0.0,0.6958431601524353,10.559478759765625,other,,,0.97111910,0.6107555555555556,sam,nan,,nan,,nan,,R2_LaMa,,0.763278,0.766423,True,sample,,0.61075556,showcase_11_291_41_SKSWBPWJPS_1_11_12_D_LivingDining_114.142098_22.284331_102.0552_26.061722,medium,11,,
0,0.0,3.8735246658325195,41.99745559692383,other,,,0.97111910,0.6107555555555556,sam,nan,,nan,,nan,,reference,,0.763278,0.766423,True,sample,,0.61075556,showcase_11_291_41_SKSWBPWJPS_1_11_12_D_LivingDining_114.142098_22.284331_102.0552_26.061722,medium,11,,
0,0.0,0.03461841121315956,0.7426360249519348,other,,R1_NAFNet,0.97111910,0.6107555555555556,sam,nan,,nan,,nan,,final,,0.763278,0.766423,True,sample,,0.61075556,showcase_11_291_41_SKSWBPWJPS_1_11_12_D_LivingDining_114.142098_22.284331_102.0552_26.061722,medium,11,,
0,0.0,0.0,0.0,Living,,,0.96934059,0.4755432098765432,manual,nan,,nan,,nan,,Identity_abstain,,0.991679,0.919487,True,sample,,0.46241481,showcase_12_126_27_SKPPWEPXPE_2_32_17_B_Living_114.146829_22.283221_127.9217_4.44512,medium,12,,
0,0.0,0.163938969373703,2.331221580505371,Living,,,0.96934059,0.4755432098765432,manual,nan,,nan,,nan,,R1_NAFNet,,0.991679,0.919487,True,sample,,0.46241481,showcase_12_126_27_SKPPWEPXPE_2_32_17_B_Living_114.146829_22.283221_127.9217_4.44512,medium,12,,
0,0.0,1.8901525735855103,30.5966796875,Living,,,0.96934059,0.4755432098765432,manual,nan,,nan,,nan,,R2_LaMa,,0.991679,0.919487,True,sample,,0.46241481,showcase_12_126_27_SKPPWEPXPE_2_32_17_B_Living_114.146829_22.283221_127.9217_4.44512,medium,12,,
0,0.0,3.273416519165039,48.59695053100586,Living,,,0.96934059,0.4755432098765432,manual,nan,,nan,,nan,,reference,,0.991679,0.919487,True,sample,,0.46241481,showcase_12_126_27_SKPPWEPXPE_2_32_17_B_Living_114.146829_22.283221_127.9217_4.44512,medium,12,,
0,0.0,0.163938969373703,2.331221580505371,Living,,R1_NAFNet,0.96934059,0.4755432098765432,manual,nan,,nan,,nan,,final,,0.991679,0.919487,True,sample,,0.46241481,showcase_12_126_27_SKPPWEPXPE_2_32_17_B_Living_114.146829_22.283221_127.9217_4.44512,medium,12,,
0,0.0,0.0,0.0,Living,,,0.96934059,0.46241481481481483,sam,nan,,nan,,nan,,Identity_abstain,,0.991679,0.919487,True,sample,,0.46241481,showcase_12_126_27_SKPPWEPXPE_2_32_17_B_Living_114.146829_22.283221_127.9217_4.44512,medium,12,,
0,0.0,0.09770531207323074,2.766002893447876,Living,,,0.96934059,0.46241481481481483,sam,nan,,nan,,nan,,R1_NAFNet,,0.991679,0.919487,True,sample,,0.46241481,showcase_12_126_27_SKPPWEPXPE_2_32_17_B_Living_114.146829_22.283221_127.9217_4.44512,medium,12,,
0,0.0,0.9594202637672424,21.128999710083008,Living,,,0.96934059,0.46241481481481483,sam,nan,,nan,,nan,,R2_LaMa,,0.991679,0.919487,True,sample,,0.46241481,showcase_12_126_27_SKPPWEPXPE_2_32_17_B_Living_114.146829_22.283221_127.9217_4.44512,medium,12,,
0,0.0,2.77693247795105,41.33184051513672,Living,,,0.96934059,0.46241481481481483,sam,nan,,nan,,nan,,reference,,0.991679,0.919487,True,sample,,0.46241481,showcase_12_126_27_SKPPWEPXPE_2_32_17_B_Living_114.146829_22.283221_127.9217_4.44512,medium,12,,
0,0.0,0.09770531207323074,2.766002893447876,Living,,R1_NAFNet,0.96934059,0.46241481481481483,sam,nan,,nan,,nan,,final,,0.991679,0.919487,True,sample,,0.46241481,showcase_12_126_27_SKPPWEPXPE_2_32_17_B_Living_114.146829_22.283221_127.9217_4.44512,medium,12,,
0,0.0,0.0,0.0,Living,,,0.88160520,0.3623975308641975,manual,nan,,nan,,nan,,Identity_abstain,,0.921140,0.558252,True,sample,,0.40146914,showcase_13_1332_56_SSPPWYPXPS_1_26_18_G_Living_114.133475_22.285613_89.834_14.049906,medium,13,,
0,0.0,3.63936448097229,55.181976318359375,Living,,,0.88160520,0.3623975308641975,manual,nan,,nan,,nan,,reference,,0.921140,0.558252,True,sample,,0.40146914,showcase_13_1332_56_SSPPWYPXPS_1_26_18_G_Living_114.133475_22.285613_89.834_14.049906,medium,13,,
0,0.0,0.0,0.0,Living,,abstain,0.88160520,0.3623975308641975,manual,nan,,nan,,nan,,final,,0.921140,0.558252,True,sample,,0.40146914,showcase_13_1332_56_SSPPWYPXPS_1_26_18_G_Living_114.133475_22.285613_89.834_14.049906,medium,13,,
0,0.0,0.0,0.0,Living,,,0.88160520,0.4014691358024691,sam,nan,,nan,,nan,,Identity_abstain,,0.921140,0.558252,True,sample,,0.40146914,showcase_13_1332_56_SSPPWYPXPS_1_26_18_G_Living_114.133475_22.285613_89.834_14.049906,medium,13,,
0,0.0,3.2605273723602295,41.59232711791992,Living,,,0.88160520,0.4014691358024691,sam,nan,,nan,,nan,,reference,,0.921140,0.558252,True,sample,,0.40146914,showcase_13_1332_56_SSPPWYPXPS_1_26_18_G_Living_114.133475_22.285613_89.834_14.049906,medium,13,,
0,0.0,0.0,0.0,Living,,abstain,0.88160520,0.4014691358024691,sam,nan,,nan,,nan,,final,,0.921140,0.558252,True,sample,,0.40146914,showcase_13_1332_56_SSPPWYPXPS_1_26_18_G_Living_114.133475_22.285613_89.834_14.049906,medium,13,,
0,0.0,0.0,0.0,Kitchen,,,0.73454503,0.6158234567901234,manual,nan,,nan,,nan,,Identity_abstain,,0.900560,0.683559,True,sample,,0.49073704,showcase_14_322_73_TZHSTHMYHM_2_108_16_1_Kitchen_114.151702_22.278596_198.2771_116.042403,medium,14,,
0,0.0,3.789612054824829,58.757877349853516,Kitchen,,,0.73454503,0.6158234567901234,manual,nan,,nan,,nan,,reference,,0.900560,0.683559,True,sample,,0.49073704,showcase_14_322_73_TZHSTHMYHM_2_108_16_1_Kitchen_114.151702_22.278596_198.2771_116.042403,medium,14,,
0,0.0,0.0,0.0,Kitchen,,abstain,0.73454503,0.6158234567901234,manual,nan,,nan,,nan,,final,,0.900560,0.683559,True,sample,,0.49073704,showcase_14_322_73_TZHSTHMYHM_2_108_16_1_Kitchen_114.151702_22.278596_198.2771_116.042403,medium,14,,
0,0.0,0.0,0.0,Kitchen,,,0.73454503,0.490737037037037,sam,nan,,nan,,nan,,Identity_abstain,,0.900560,0.683559,True,sample,,0.49073704,showcase_14_322_73_TZHSTHMYHM_2_108_16_1_Kitchen_114.151702_22.278596_198.2771_116.042403,medium,14,,
0,0.0,2.727424383163452,33.552345275878906,Kitchen,,,0.73454503,0.490737037037037,sam,nan,,nan,,nan,,reference,,0.900560,0.683559,True,sample,,0.49073704,showcase_14_322_73_TZHSTHMYHM_2_108_16_1_Kitchen_114.151702_22.278596_198.2771_116.042403,medium,14,,
0,0.0,0.0,0.0,Kitchen,,abstain,0.73454503,0.490737037037037,sam,nan,,nan,,nan,,final,,0.900560,0.683559,True,sample,,0.49073704,showcase_14_322_73_TZHSTHMYHM_2_108_16_1_Kitchen_114.151702_22.278596_198.2771_116.042403,medium,14,,
0,0.0,0.0,0.0,other,,,0.98007120,0.4021098765432099,manual,nan,,nan,,nan,,Identity_abstain,,0.000149,0.395522,False,sample,,0.41016667,showcase_15_666_87_TZSNTHIAHM_1_24_25_D_LivingDining_114.153352_22.279546_181.8143_27.165863,medium,15,,
0,0.0,0.0,0.0,other,,abstain,0.98007120,0.4021098765432099,manual,nan,,nan,,nan,,final,,0.000149,0.395522,False,sample,,0.41016667,showcase_15_666_87_TZSNTHIAHM_1_24_25_D_LivingDining_114.153352_22.279546_181.8143_27.165863,medium,15,,
0,0.0,0.0,0.0,other,,,0.98007120,0.4101666666666667,sam,nan,,nan,,nan,,Identity_abstain,,0.000149,0.395522,False,sample,,0.41016667,showcase_15_666_87_TZSNTHIAHM_1_24_25_D_LivingDining_114.153352_22.279546_181.8143_27.165863,medium,15,,
0,0.0,0.0,0.0,other,,abstain,0.98007120,0.4101666666666667,sam,nan,,nan,,nan,,final,,0.000149,0.395522,False,sample,,0.41016667,showcase_15_666_87_TZSNTHIAHM_1_24_25_D_LivingDining_114.153352_22.279546_181.8143_27.165863,medium,15,,
0,0.0,0.0,0.0,Bed,,,0.92968047,0.3413259259259259,manual,nan,,nan,,nan,,Identity_abstain,,0.897034,0.900763,True,sample,,0.36585432,showcase_16_1537_93_TZTNIHIYHM_1_39_44_F_Bed_2_114.149404_22.281903_256.0967_32.133977,small,16,,
0,0.0,4.323314666748047,59.320247650146484,Bed,,,0.92968047,0.3413259259259259,manual,nan,,nan,,nan,,reference,,0.897034,0.900763,True,sample,,0.36585432,showcase_16_1537_93_TZTNIHIYHM_1_39_44_F_Bed_2_114.149404_22.281903_256.0967_32.133977,small,16,,
0,0.0,0.0,0.0,Bed,,abstain,0.92968047,0.3413259259259259,manual,nan,,nan,,nan,,final,,0.897034,0.900763,True,sample,,0.36585432,showcase_16_1537_93_TZTNIHIYHM_1_39_44_F_Bed_2_114.149404_22.281903_256.0967_32.133977,small,16,,
0,0.0,0.0,0.0,Bed,,,0.92968047,0.3658543209876543,sam,nan,,nan,,nan,,Identity_abstain,,0.897034,0.900763,True,sample,,0.36585432,showcase_16_1537_93_TZTNIHIYHM_1_39_44_F_Bed_2_114.149404_22.281903_256.0967_32.133977,small,16,,
0,0.0,4.28407621383667,65.61332702636719,Bed,,,0.92968047,0.3658543209876543,sam,nan,,nan,,nan,,reference,,0.897034,0.900763,True,sample,,0.36585432,showcase_16_1537_93_TZTNIHIYHM_1_39_44_F_Bed_2_114.149404_22.281903_256.0967_32.133977,small,16,,
0,0.0,0.0,0.0,Bed,,abstain,0.92968047,0.3658543209876543,sam,nan,,nan,,nan,,final,,0.897034,0.900763,True,sample,,0.36585432,showcase_16_1537_93_TZTNIHIYHM_1_39_44_F_Bed_2_114.149404_22.281903_256.0967_32.133977,small,16,,
0,0.0,0.0,0.0,MBed,,,0.86800688,0.3277962962962963,manual,nan,,nan,,nan,,Identity_abstain,,0.997779,0.477500,True,sample,,0.37496173,showcase_17_637_3_OSRJURUXRU_1_31_20_D_MBed_114.151034_22.279006_200.6628_25.908724,small,17,,
0,0.0,5.641687393188477,53.46141052246094,MBed,,,0.86800688,0.3277962962962963,manual,nan,,nan,,nan,,reference,,0.997779,0.477500,True,sample,,0.37496173,showcase_17_637_3_OSRJURUXRU_1_31_20_D_MBed_114.151034_22.279006_200.6628_25.908724,small,17,,
0,0.0,0.0,0.0,MBed,,abstain,0.86800688,0.3277962962962963,manual,nan,,nan,,nan,,final,,0.997779,0.477500,True,sample,,0.37496173,showcase_17_637_3_OSRJURUXRU_1_31_20_D_MBed_114.151034_22.279006_200.6628_25.908724,small,17,,
0,0.0,0.0,0.0,MBed,,,0.86800688,0.37496172839506176,sam,nan,,nan,,nan,,Identity_abstain,,0.997779,0.477500,True,sample,,0.37496173,showcase_17_637_3_OSRJURUXRU_1_31_20_D_MBed_114.151034_22.279006_200.6628_25.908724,small,17,,
0,0.0,3.4983341693878174,37.03131866455078,MBed,,,0.86800688,0.37496172839506176,sam,nan,,nan,,nan,,reference,,0.997779,0.477500,True,sample,,0.37496173,showcase_17_637_3_OSRJURUXRU_1_31_20_D_MBed_114.151034_22.279006_200.6628_25.908724,small,17,,
0,0.0,0.0,0.0,MBed,,abstain,0.86800688,0.37496172839506176,sam,nan,,nan,,nan,,final,,0.997779,0.477500,True,sample,,0.37496173,showcase_17_637_3_OSRJURUXRU_1_31_20_D_MBed_114.151034_22.279006_200.6628_25.908724,small,17,,
0,0.0,0.0,0.0,Bed,,,1.00000000,0.0,manual,nan,,nan,,nan,,Identity_abstain,,0.000000,0.000000,False,sample,,0.00000000,showcase_18_322_89_TZTMTHMJMM_1_25_19_D_Bed_1_114.145024_22.281708_213.4978_152.773372,small,18,,
0,0.0,0.0,0.0,Bed,,abstain,1.00000000,0.0,manual,nan,,nan,,nan,,final,,0.000000,0.000000,False,sample,,0.00000000,showcase_18_322_89_TZTMTHMJMM_1_25_19_D_Bed_1_114.145024_22.281708_213.4978_152.773372,small,18,,
0,0.0,0.0,0.0,Bed,,,1.00000000,0.0,sam,nan,,nan,,nan,,Identity_abstain,,0.000000,0.000000,False,sample,,0.00000000,showcase_18_322_89_TZTMTHMJMM_1_25_19_D_Bed_1_114.145024_22.281708_213.4978_152.773372,small,18,,
0,0.0,0.0,0.0,Bed,,abstain,1.00000000,0.0,sam,nan,,nan,,nan,,final,,0.000000,0.000000,False,sample,,0.00000000,showcase_18_322_89_TZTMTHMJMM_1_25_19_D_Bed_1_114.145024_22.281708_213.4978_152.773372,small,18,,
0,0.0,0.0,0.0,Bed,,,1.00000000,0.0,manual,nan,,nan,,nan,,Identity_abstain,,0.944649,0.471483,True,sample,,0.00000000,showcase_19_112_49_SSPPWDPXPS_1_3_17_A_Bed_1_114.13391_22.285112_86.4546_56.279381,small,19,,
0,0.0,0.0,0.0,Bed,,,1.00000000,0.0,manual,nan,,nan,,nan,,reference,,0.944649,0.471483,True,sample,,0.00000000,showcase_19_112_49_SSPPWDPXPS_1_3_17_A_Bed_1_114.13391_22.285112_86.4546_56.279381,small,19,,
0,0.0,0.0,0.0,Bed,,abstain,1.00000000,0.0,manual,nan,,nan,,nan,,final,,0.944649,0.471483,True,sample,,0.00000000,showcase_19_112_49_SSPPWDPXPS_1_3_17_A_Bed_1_114.13391_22.285112_86.4546_56.279381,small,19,,
0,0.0,0.0,0.0,Bed,,,1.00000000,0.0,sam,nan,,nan,,nan,,Identity_abstain,,0.944649,0.471483,True,sample,,0.00000000,showcase_19_112_49_SSPPWDPXPS_1_3_17_A_Bed_1_114.13391_22.285112_86.4546_56.279381,small,19,,
0,0.0,0.0,0.0,Bed,,,1.00000000,0.0,sam,nan,,nan,,nan,,reference,,0.944649,0.471483,True,sample,,0.00000000,showcase_19_112_49_SSPPWDPXPS_1_3_17_A_Bed_1_114.13391_22.285112_86.4546_56.279381,small,19,,
0,0.0,0.0,0.0,Bed,,abstain,1.00000000,0.0,sam,nan,,nan,,nan,,final,,0.944649,0.471483,True,sample,,0.00000000,showcase_19_112_49_SSPPWDPXPS_1_3_17_A_Bed_1_114.13391_22.285112_86.4546_56.279381,small,19,,
0,0.0,0.0,0.0,Bed,,,1.00000000,0.0,manual,nan,,nan,,nan,,Identity_abstain,,0.910765,0.718543,True,sample,,0.00000000,showcase_20_11_46_SSPPWBPXPS_1_1_22_A_Bed_1_114.133187_22.284774_101.8261_106.039006,small,20,,
0,0.0,0.0,0.0,Bed,,,1.00000000,0.0,manual,nan,,nan,,nan,,reference,,0.910765,0.718543,True,sample,,0.00000000,showcase_20_11_46_SSPPWBPXPS_1_1_22_A_Bed_1_114.133187_22.284774_101.8261_106.039006,small,20,,
0,0.0,0.0,0.0,Bed,,abstain,1.00000000,0.0,manual,nan,,nan,,nan,,final,,0.910765,0.718543,True,sample,,0.00000000,showcase_20_11_46_SSPPWBPXPS_1_1_22_A_Bed_1_114.133187_22.284774_101.8261_106.039006,small,20,,
0,0.0,0.0,0.0,Bed,,,1.00000000,0.0,sam,nan,,nan,,nan,,Identity_abstain,,0.910765,0.718543,True,sample,,0.00000000,showcase_20_11_46_SSPPWBPXPS_1_1_22_A_Bed_1_114.133187_22.284774_101.8261_106.039006,small,20,,
0,0.0,0.0,0.0,Bed,,,1.00000000,0.0,sam,nan,,nan,,nan,,reference,,0.910765,0.718543,True,sample,,0.00000000,showcase_20_11_46_SSPPWBPXPS_1_1_22_A_Bed_1_114.133187_22.284774_101.8261_106.039006,small,20,,
0,0.0,0.0,0.0,Bed,,abstain,1.00000000,0.0,sam,nan,,nan,,nan,,final,,0.910765,0.718543,True,sample,,0.00000000,showcase_20_11_46_SSPPWBPXPS_1_1_22_A_Bed_1_114.133187_22.284774_101.8261_106.039006,small,20,,
0,0.0,0.0,0.0,MBed,,,0.99236250,0.2625358024691358,manual,nan,,nan,,nan,,Identity_abstain,,0.775234,0.569182,True,sample,,0.26112840,showcase_21_134_15_SKEYPPEAPE_1_5_32_A_MBed_114.148373_22.280541_240.3548_26.831315,small,21,,
0,0.0,6.314938068389893,71.2047119140625,MBed,,,0.99236250,0.2625358024691358,manual,nan,,nan,,nan,,reference,,0.775234,0.569182,True,sample,,0.26112840,showcase_21_134_15_SKEYPPEAPE_1_5_32_A_MBed_114.148373_22.280541_240.3548_26.831315,small,21,,
0,0.0,0.0,0.0,MBed,,abstain,0.99236250,0.2625358024691358,manual,nan,,nan,,nan,,final,,0.775234,0.569182,True,sample,,0.26112840,showcase_21_134_15_SKEYPPEAPE_1_5_32_A_MBed_114.148373_22.280541_240.3548_26.831315,small,21,,
0,0.0,0.0,0.0,MBed,,,0.99236250,0.2611283950617284,sam,nan,,nan,,nan,,Identity_abstain,,0.775234,0.569182,True,sample,,0.26112840,showcase_21_134_15_SKEYPPEAPE_1_5_32_A_MBed_114.148373_22.280541_240.3548_26.831315,small,21,,
0,0.0,6.217585563659668,77.7990951538086,MBed,,,0.99236250,0.2611283950617284,sam,nan,,nan,,nan,,reference,,0.775234,0.569182,True,sample,,0.26112840,showcase_21_134_15_SKEYPPEAPE_1_5_32_A_MBed_114.148373_22.280541_240.3548_26.831315,small,21,,
0,0.0,0.0,0.0,MBed,,abstain,0.99236250,0.2611283950617284,sam,nan,,nan,,nan,,final,,0.775234,0.569182,True,sample,,0.26112840,showcase_21_134_15_SKEYPPEAPE_1_5_32_A_MBed_114.148373_22.280541_240.3548_26.831315,small,21,,
0,0.0,0.0,0.0,MBed,,,0.00000000,0.0,manual,nan,,nan,,nan,,Identity_abstain,,0.528783,0.444867,True,sample,,0.00997654,showcase_22_40_44_SSPPWBPEPK_1_2_17_A_MBed_114.152675_22.280637_116.9946_30.090764,small,22,,
0,0.0,0.0,0.0,MBed,,,0.00000000,0.0,manual,nan,,nan,,nan,,reference,,0.528783,0.444867,True,sample,,0.00997654,showcase_22_40_44_SSPPWBPEPK_1_2_17_A_MBed_114.152675_22.280637_116.9946_30.090764,small,22,,
0,0.0,0.0,0.0,MBed,,abstain,0.00000000,0.0,manual,nan,,nan,,nan,,final,,0.528783,0.444867,True,sample,,0.00997654,showcase_22_40_44_SSPPWBPEPK_1_2_17_A_MBed_114.152675_22.280637_116.9946_30.090764,small,22,,
0,0.0,0.0,0.0,MBed,,,0.00000000,0.009976543209876542,sam,nan,,nan,,nan,,Identity_abstain,,0.528783,0.444867,True,sample,,0.00997654,showcase_22_40_44_SSPPWBPEPK_1_2_17_A_MBed_114.152675_22.280637_116.9946_30.090764,small,22,,
0,0.0,10.668710708618164,156.5030975341797,MBed,,,0.00000000,0.009976543209876542,sam,nan,,nan,,nan,,reference,,0.528783,0.444867,True,sample,,0.00997654,showcase_22_40_44_SSPPWBPEPK_1_2_17_A_MBed_114.152675_22.280637_116.9946_30.090764,small,22,,
0,0.0,0.0,0.0,MBed,,abstain,0.00000000,0.009976543209876542,sam,nan,,nan,,nan,,final,,0.528783,0.444867,True,sample,,0.00997654,showcase_22_40_44_SSPPWBPEPK_1_2_17_A_MBed_114.152675_22.280637_116.9946_30.090764,small,22,,
0,0.0,0.0,0.0,Living,,,0.53979401,0.17187654320987655,manual,nan,,nan,,nan,,Identity_abstain,,0.000000,0.000000,False,sample,,0.25041481,showcase_23_203_13_SKEBGPEXPE_1_8_1_B_Living_114.148057_22.281298_157.79_9.094576,small,23,,
0,0.0,0.0,0.0,Living,,abstain,0.53979401,0.17187654320987655,manual,nan,,nan,,nan,,final,,0.000000,0.000000,False,sample,,0.25041481,showcase_23_203_13_SKEBGPEXPE_1_8_1_B_Living_114.148057_22.281298_157.79_9.094576,small,23,,
0,0.0,0.0,0.0,Living,,,0.53979401,0.2504148148148148,sam,nan,,nan,,nan,,Identity_abstain,,0.000000,0.000000,False,sample,,0.25041481,showcase_23_203_13_SKEBGPEXPE_1_8_1_B_Living_114.148057_22.281298_157.79_9.094576,small,23,,
0,0.0,0.0,0.0,Living,,abstain,0.53979401,0.2504148148148148,sam,nan,,nan,,nan,,final,,0.000000,0.000000,False,sample,,0.25041481,showcase_23_203_13_SKEBGPEXPE_1_8_1_B_Living_114.148057_22.281298_157.79_9.094576,small,23,,
