R1_NAFNet_path,R2_LaMa_path,input_path,mask_path,mask_ratio,mask_source,outside_allowed_max,r1_runtime_sec,r2_crop,r2_resized,r2_runtime_sec,sample_id,showcase_index
research\outputs\restoration_v2\real_results\showcase\1_manual\R1_NAFNet.png,research\outputs\restoration_v2\real_results\showcase\1_manual\R2_LaMa.png,research\assets\distortion_segmentation_annotation_dataset\for_segmentation\images\409_80_TZLZZHIOHT_1_203_1_D_Bed_1_114.144984_22.284617_88.68_30.932161.png,research\outputs\restoration_v2\real_results\showcase\1_manual\mask.png,0.87286543,manual,0,0.5236,"[12, 0, 900, 900]",True,0.4000,showcase_01_409_80_TZLZZHIOHT_1_203_1_D_Bed_1_114.144984_22.284617_88.68_30.932161,1
research\outputs\restoration_v2\real_results\showcase\1_sam\R1_NAFNet.png,research\outputs\restoration_v2\real_results\showcase\1_sam\R2_LaMa.png,research\assets\distortion_segmentation_annotation_dataset\for_segmentation\images\409_80_TZLZZHIOHT_1_203_1_D_Bed_1_114.144984_22.284617_88.68_30.932161.png,research\outputs\restoration_v2\real_results\showcase\1_sam\mask.png,0.87771358,sam,0,0.3257,"[13, 0, 900, 900]",True,0.1501,showcase_01_409_80_TZLZZHIOHT_1_203_1_D_Bed_1_114.144984_22.284617_88.68_30.932161,1
research\outputs\restoration_v2\real_results\showcase\4_manual\R1_NAFNet.png,research\outputs\restoration_v2\real_results\showcase\4_manual\R2_LaMa.png,research\assets\distortion_segmentation_annotation_dataset\for_segmentation\images\334_4_OSRRQRUXOU_1_110_1_D_Bed_2_114.150701_22.279246_166.77_131.407626.png,research\outputs\restoration_v2\real_results\showcase\4_manual\mask.png,0.90188889,manual,0,0.2722,"[0, 0, 900, 900]",True,0.1411,showcase_04_334_4_OSRRQRUXOU_1_110_1_D_Bed_2_114.150701_22.279246_166.77_131.407626,4
research\outputs\restoration_v2\real_results\showcase\4_sam\R1_NAFNet.png,research\outputs\restoration_v2\real_results\showcase\4_sam\R2_LaMa.png,research\assets\distortion_segmentation_annotation_dataset\for_segmentation\images\334_4_OSRRQRUXOU_1_110_1_D_Bed_2_114.150701_22.279246_166.77_131.407626.png,research\outputs\restoration_v2\real_results\showcase\4_sam\mask.png,0.90665679,sam,0,0.2889,"[0, 0, 900, 900]",True,0.1498,showcase_04_334_4_OSRRQRUXOU_1_110_1_D_Bed_2_114.150701_22.279246_166.77_131.407626,4
research\outputs\restoration_v2\real_results\showcase\7_manual\R1_NAFNet.png,research\outputs\restoration_v2\real_results\showcase\7_manual\R2_LaMa.png,research\assets\distortion_segmentation_annotation_dataset\for_segmentation\images\10_72_TZDZZHIAHT_1_1_11_F_Bed_1_114.144757_22.284454_117.7657_167.392177.png,research\outputs\restoration_v2\real_results\showcase\7_manual\mask.png,0.67434568,manual,0,0.2677,"[0, 118, 900, 900]",True,0.2194,showcase_07_10_72_TZDZZHIAHT_1_1_11_F_Bed_1_114.144757_22.284454_117.7657_167.392177,7
research\outputs\restoration_v2\real_results\showcase\7_sam\R1_NAFNet.png,research\outputs\restoration_v2\real_results\showcase\7_sam\R2_LaMa.png,research\assets\distortion_segmentation_annotation_dataset\for_segmentation\images\10_72_TZDZZHIAHT_1_1_11_F_Bed_1_114.144757_22.284454_117.7657_167.392177.png,research\outputs\restoration_v2\real_results\showcase\7_sam\mask.png,0.68140864,sam,0,0.2654,"[0, 104, 900, 900]",True,0.1688,showcase_07_10_72_TZDZZHIAHT_1_1_11_F_Bed_1_114.144757_22.284454_117.7657_167.392177,7
research\outputs\restoration_v2\real_results\showcase\8_manual\R1_NAFNet.png,research\outputs\restoration_v2\real_results\showcase\8_manual\R2_LaMa.png,research\assets\distortion_segmentation_annotation_dataset\for_segmentation\images\152_10_SKADBPYRPE_3_25_28_A_Bed_2_114.149297_22.282768_152.26_30.57121.png,research\outputs\restoration_v2\real_results\showcase\8_manual\mask.png,0.43736667,manual,0,0.2667,"[0, 0, 900, 900]",True,0.1357,showcase_08_152_10_SKADBPYRPE_3_25_28_A_Bed_2_114.149297_22.282768_152.26_30.57121,8
research\outputs\restoration_v2\real_results\showcase\8_sam\R1_NAFNet.png,research\outputs\restoration_v2\real_results\showcase\8_sam\R2_LaMa.png,research\assets\distortion_segmentation_annotation_dataset\for_segmentation\images\152_10_SKADBPYRPE_3_25_28_A_Bed_2_114.149297_22.282768_152.26_30.57121.png,research\outputs\restoration_v2\real_results\showcase\8_sam\mask.png,0.46584691,sam,0,0.2654,"[0, 0, 900, 900]",True,0.1363,showcase_08_152_10_SKADBPYRPE_3_25_28_A_Bed_2_114.149297_22.282768_152.26_30.57121,8
research\outputs\restoration_v2\real_results\showcase\9_manual\R1_NAFNet.png,research\outputs\restoration_v2\real_results\showcase\9_manual\R2_LaMa.png,research\assets\distortion_segmentation_annotation_dataset\for_segmentation\images\11_62_TTSDZHIVHT_1_3_16_A_Living_114.13213_22.282362_109.46_60.14074.png,research\outputs\restoration_v2\real_results\showcase\9_manual\mask.png,0.36601852,manual,0,0.2740,"[0, 0, 426, 900]",True,0.2378,showcase_09_11_62_TTSDZHIVHT_1_3_16_A_Living_114.13213_22.282362_109.46_60.14074,9
research\outputs\restoration_v2\real_results\showcase\9_sam\R1_NAFNet.png,research\outputs\restoration_v2\real_results\showcase\9_sam\R2_LaMa.png,research\assets\distortion_segmentation_annotation_dataset\for_segmentation\images\11_62_TTSDZHIVHT_1_3_16_A_Living_114.13213_22.282362_109.46_60.14074.png,research\outputs\restoration_v2\real_results\showcase\9_sam\mask.png,0.36709506,sam,0,0.2596,"[0, 0, 428, 900]",True,0.0760,showcase_09_11_62_TTSDZHIVHT_1_3_16_A_Living_114.13213_22.282362_109.46_60.14074,9
research\outputs\restoration_v2\real_results\showcase\10_manual\R1_NAFNet.png,research\outputs\restoration_v2\real_results\showcase\10_manual\R2_LaMa.png,research\assets\distortion_segmentation_annotation_dataset\for_segmentation\images\332_11_SKBKBPEAPE_1_10_9_B_Living_114.148944_22.280819_177.7997_124.083485.png,research\outputs\restoration_v2\real_results\showcase\10_manual\mask.png,0.60499383,manual,0,0.2675,"[0, 0, 900, 900]",True,0.1359,showcase_10_332_11_SKBKBPEAPE_1_10_9_B_Living_114.148944_22.280819_177.7997_124.083485,10
research\outputs\restoration_v2\real_results\showcase\10_sam\R1_NAFNet.png,research\outputs\restoration_v2\real_results\showcase\10_sam\R2_LaMa.png,research\assets\distortion_segmentation_annotation_dataset\for_segmentation\images\332_11_SKBKBPEAPE_1_10_9_B_Living_114.148944_22.280819_177.7997_124.083485.png,research\outputs\restoration_v2\real_results\showcase\10_sam\mask.png,0.64775679,sam,0,0.2602,"[0, 0, 900, 900]",True,0.1426,showcase_10_332_11_SKBKBPEAPE_1_10_9_B_Living_114.148944_22.280819_177.7997_124.083485,10
research\outputs\restoration_v2\real_results\showcase\11_manual\R1_NAFNet.png,research\outputs\restoration_v2\real_results\showcase\11_manual\R2_LaMa.png,research\assets\distortion_segmentation_annotation_dataset\for_segmentation\images\291_41_SKSWBPWJPS_1_11_12_D_LivingDining_114.142098_22.284331_102.0552_26.061722.png,research\outputs\restoration_v2\real_results\showcase\11_manual\mask.png,0.59482469,manual,0,0.2666,"[103, 0, 900, 900]",True,0.2355,showcase_11_291_41_SKSWBPWJPS_1_11_12_D_LivingDining_114.142098_22.284331_102.0552_26.061722,11
research\outputs\restoration_v2\real_results\showcase\11_sam\R1_NAFNet.png,research\outputs\restoration_v2\real_results\showcase\11_sam\R2_LaMa.png,research\assets\distortion_segmentation_annotation_dataset\for_segmentation\images\291_41_SKSWBPWJPS_1_11_12_D_LivingDining_114.142098_22.284331_102.0552_26.061722.png,research\outputs\restoration_v2\real_results\showcase\11_sam\mask.png,0.61075556,sam,0,0.2703,"[20, 0, 900, 900]",True,0.2548,showcase_11_291_41_SKSWBPWJPS_1_11_12_D_LivingDining_114.142098_22.284331_102.0552_26.061722,11
research\outputs\restoration_v2\real_results\showcase\12_manual\R1_NAFNet.png,research\outputs\restoration_v2\real_results\showcase\12_manual\R2_LaMa.png,research\assets\distortion_segmentation_annotation_dataset\for_segmentation\images\126_27_SKPPWEPXPE_2_32_17_B_Living_114.146829_22.283221_127.9217_4.44512.png,research\outputs\restoration_v2\real_results\showcase\12_manual\mask.png,0.47554321,manual,0,0.2662,"[0, 0, 900, 900]",True,0.1331,showcase_12_126_27_SKPPWEPXPE_2_32_17_B_Living_114.146829_22.283221_127.9217_4.44512,12
research\outputs\restoration_v2\real_results\showcase\12_sam\R1_NAFNet.png,research\outputs\restoration_v2\real_results\showcase\12_sam\R2_LaMa.png,research\assets\distortion_segmentation_annotation_dataset\for_segmentation\images\126_27_SKPPWEPXPE_2_32_17_B_Living_114.146829_22.283221_127.9217_4.44512.png,research\outputs\restoration_v2\real_results\showcase\12_sam\mask.png,0.46241481,sam,0,0.2690,"[0, 0, 513, 900]",True,0.1735,showcase_12_126_27_SKPPWEPXPE_2_32_17_B_Living_114.146829_22.283221_127.9217_4.44512,12
