sample_id,showcase_index,source_group,target_path,reference_path,candidate_count,reliable,reason,matches,inliers,inlier_ratio,coverage,warped_path,composite_path
showcase_00_112_22_SKPPWBPEPE_2_34_13_Whole_MClo_114.149192_22.282896_120.74_124.801802,0,SKPPWBPEPE,research\assets\distortion_segmentation_annotation_dataset\for_segmentation\images\112_22_SKPPWBPEPE_2_34_13_Whole_MClo_114.149192_22.282896_120.74_124.801802.png,research\assets\distortion_segmentation_annotation_dataset\for_segmentation\images\104_22_SKPPWBPEPE_2_32_11_Whole_MBed_114.149199_22.282909_112.602_118.988693.png,5,False,insufficient_sift_features,0,0,0.000000,0.000000,research\outputs\restoration_v2\reference_results\0\warped.png,research\outputs\restoration_v2\reference_results\0\composite.png
showcase_01_409_80_TZLZZHIOHT_1_203_1_D_Bed_1_114.144984_22.284617_88.68_30.932161,1,TZLZZHIOHT,research\assets\distortion_segmentation_annotation_dataset\for_segmentation\images\409_80_TZLZZHIOHT_1_203_1_D_Bed_1_114.144984_22.284617_88.68_30.932161.png,research\assets\distortion_segmentation_annotation_dataset\for_segmentation\images\50_80_TZLZZHIOHT_1_3_1_A_Bed_1_114.145246_22.284661_87.97_28.093304.png,2,False,weak_ransac,10,6,0.600000,0.001759,research\outputs\restoration_v2\reference_results\1\warped.png,research\outputs\restoration_v2\reference_results\1\composite.png
showcase_02_124_85_TZSITHMXHM_1_11_5_2_Bed_1_114.152023_22.27867_167.35_37.628964,2,TZSITHMXHM,research\assets\distortion_segmentation_annotation_dataset\for_segmentation\images\124_85_TZSITHMXHM_1_11_5_2_Bed_1_114.152023_22.27867_167.35_37.628964.png,research\assets\distortion_segmentation_annotation_dataset\for_segmentation\images\121_85_TZSITHMXHM_1_11_2_2_Bed_1_114.152023_22.27867_159.01_37.628964.png,3,True,ok,149,58,0.389262,0.839016,research\outputs\restoration_v2\reference_results\2\warped.png,research\outputs\restoration_v2\reference_results\2\composite.png
showcase_03_100_67_TZDSIHSXMT_1_10_10_C_Null_114.141834_22.282128_142.1873_171.551879,3,TZDSIHSXMT,research\assets\distortion_segmentation_annotation_dataset\for_segmentation\images\100_67_TZDSIHSXMT_1_10_10_C_Null_114.141834_22.282128_142.1873_171.551879.png,research\assets\distortion_segmentation_annotation_dataset\for_segmentation\images\111_67_TZDSIHSXMT_1_11_9_D_Null_114.141793_22.282123_139.2918_171.552498.png,1,True,ok,272,259,0.952206,0.797521,research\outputs\restoration_v2\reference_results\3\warped.png,research\outputs\restoration_v2\reference_results\3\composite.png
showcase_04_334_4_OSRRQRUXOU_1_110_1_D_Bed_2_114.150701_22.279246_166.77_131.407626,4,OSRRQRUXOU,research\assets\distortion_segmentation_annotation_dataset\for_segmentation\images\334_4_OSRRQRUXOU_1_110_1_D_Bed_2_114.150701_22.279246_166.77_131.407626.png,research\assets\distortion_segmentation_annotation_dataset\for_segmentation\images\132_4_OSRRQRUXOU_1_6_3_B_Living_114.150681_22.279431_168.752_37.350869.png,1,False,weak_ransac,8,4,0.500000,0.000398,research\outputs\restoration_v2\reference_results\4\warped.png,research\outputs\restoration_v2\reference_results\4\composite.png
showcase_05_326_84_TZSHZHMRHM_1_11_7_C_Kitchen_114.150158_22.280246_161.8387_118.38845,5,TZSHZHMRHM,research\assets\distortion_segmentation_annotation_dataset\for_segmentation\images\326_84_TZSHZHMRHM_1_11_7_C_Kitchen_114.150158_22.280246_161.8387_118.38845.png,research\assets\distortion_segmentation_annotation_dataset\for_segmentation\images\328_84_TZSHZHMRHM_1_11_9_C_Kitchen_114.150158_22.280246_167.6116_118.38845.png,4,False,weak_ransac,13,5,0.384615,0.000070,research\outputs\restoration_v2\reference_results\5\warped.png,research\outputs\restoration_v2\reference_results\5\composite.png
showcase_06_11_16_SKKYGPBEPE_1_1_15_A_Kitchen_114.151878_22.278839_167.6916_172.417722,6,SKKYGPBEPE,research\assets\distortion_segmentation_annotation_dataset\for_segmentation\images\11_16_SKKYGPBEPE_1_1_15_A_Kitchen_114.151878_22.278839_167.6916_172.417722.png,research\assets\distortion_segmentation_annotation_dataset\for_segmentation\images\0_16_SKKYGPBEPE_1_1_4_A_Kitchen_114.151878_22.278839_138.42_172.417722.png,1,False,weak_ransac,5,4,0.800000,0.000397,research\outputs\restoration_v2\reference_results\6\warped.png,research\outputs\restoration_v2\reference_results\6\composite.png
showcase_07_10_72_TZDZZHIAHT_1_1_11_F_Bed_1_114.144757_22.284454_117.7657_167.392177,7,TZDZZHIAHT,research\assets\distortion_segmentation_annotation_dataset\for_segmentation\images\10_72_TZDZZHIAHT_1_1_11_F_Bed_1_114.144757_22.284454_117.7657_167.392177.png,,0,False,no_same_group_candidate,0,0,0.000000,0.000000,research\outputs\restoration_v2\reference_results\7\warped.png,research\outputs\restoration_v2\reference_results\7\composite.png
showcase_08_152_10_SKADBPYRPE_3_25_28_A_Bed_2_114.149297_22.282768_152.26_30.57121,8,SKADBPYRPE,research\assets\distortion_segmentation_annotation_dataset\for_segmentation\images\152_10_SKADBPYRPE_3_25_28_A_Bed_2_114.149297_22.282768_152.26_30.57121.png,research\assets\distortion_segmentation_annotation_dataset\for_segmentation\images\146_10_SKADBPYRPE_3_25_22_A_Bed_2_114.149297_22.282768_135.46_30.57121.png,10,False,weak_ransac,95,39,0.410526,0.022611,research\outputs\restoration_v2\reference_results\8\warped.png,research\outputs\restoration_v2\reference_results\8\composite.png
showcase_09_11_62_TTSDZHIVHT_1_3_16_A_Living_114.13213_22.282362_109.46_60.14074,9,TTSDZHIVHT,research\assets\distortion_segmentation_annotation_dataset\for_segmentation\images\11_62_TTSDZHIVHT_1_3_16_A_Living_114.13213_22.282362_109.46_60.14074.png,research\assets\distortion_segmentation_annotation_dataset\for_segmentation\images\10_62_TTSDZHIVHT_1_3_15_A_Living_114.13213_22.282362_106.55_60.14074.png,2,True,ok,805,721,0.895652,0.893228,research\outputs\restoration_v2\reference_results\9\warped.png,research\outputs\restoration_v2\reference_results\9\composite.png
showcase_10_332_11_SKBKBPEAPE_1_10_9_B_Living_114.148944_22.280819_177.7997_124.083485,10,SKBKBPEAPE,research\assets\distortion_segmentation_annotation_dataset\for_segmentation\images\332_11_SKBKBPEAPE_1_10_9_B_Living_114.148944_22.280819_177.7997_124.083485.png,research\assets\distortion_segmentation_annotation_dataset\for_segmentation\images\203_11_SKBKBPEAPE_1_6_24_B_MBed_114.148949_22.2809_222.0286_29.797675.png,7,False,weak_ransac,6,4,0.666667,0.005643,research\outputs\restoration_v2\reference_results\10\warped.png,research\outputs\restoration_v2\reference_results\10\composite.png
showcase_11_291_41_SKSWBPWJPS_1_11_12_D_LivingDining_114.142098_22.284331_102.0552_26.061722,11,SKSWBPWJPS,research\assets\distortion_segmentation_annotation_dataset\for_segmentation\images\291_41_SKSWBPWJPS_1_11_12_D_LivingDining_114.142098_22.284331_102.0552_26.061722.png,research\assets\distortion_segmentation_annotation_dataset\for_segmentation\images\682_41_SKSWBPWJPS_1_26_11_C_Bed_3_114.14224_22.28426_98.8981_26.096132.png,6,True,ok,137,105,0.766423,0.763278,research\outputs\restoration_v2\reference_results\11\warped.png,research\outputs\restoration_v2\reference_results\11\composite.png
showcase_12_126_27_SKPPWEPXPE_2_32_17_B_Living_114.146829_22.283221_127.9217_4.44512,12,SKPPWEPXPE,research\assets\distortion_segmentation_annotation_dataset\for_segmentation\images\126_27_SKPPWEPXPE_2_32_17_B_Living_114.146829_22.283221_127.9217_4.44512.png,research\assets\distortion_segmentation_annotation_dataset\for_segmentation\images\125_27_SKPPWEPXPE_2_32_16_B_Living_114.146829_22.283221_125.5633_4.44512.png,4,True,ok,857,788,0.919487,0.991679,research\outputs\restoration_v2\reference_results\12\warped.png,research\outputs\restoration_v2\reference_results\12\composite.png
showcase_13_1332_56_SSPPWYPXPS_1_26_18_G_Living_114.133475_22.285613_89.834_14.049906,13,SSPPWYPXPS,research\assets\distortion_segmentation_annotation_dataset\for_segmentation\images\1332_56_SSPPWYPXPS_1_26_18_G_Living_114.133475_22.285613_89.834_14.049906.png,research\assets\distortion_segmentation_annotation_dataset\for_segmentation\images\1328_56_SSPPWYPXPS_1_26_14_G_Living_114.133475_22.285613_78.3517_14.049906.png,5,True,ok,412,230,0.558252,0.921140,research\outputs\restoration_v2\reference_results\13\warped.png,research\outputs\restoration_v2\reference_results\13\composite.png
showcase_14_322_73_TZHSTHMYHM_2_108_16_1_Kitchen_114.151702_22.278596_198.2771_116.042403,14,TZHSTHMYHM,research\assets\distortion_segmentation_annotation_dataset\for_segmentation\images\322_73_TZHSTHMYHM_2_108_16_1_Kitchen_114.151702_22.278596_198.2771_116.042403.png,research\assets\distortion_segmentation_annotation_dataset\for_segmentation\images\323_73_TZHSTHMYHM_2_108_17_1_Kitchen_114.151702_22.278596_201.0533_116.042403.png,2,True,ok,888,607,0.683559,0.900560,research\outputs\restoration_v2\reference_results\14\warped.png,research\outputs\restoration_v2\reference_results\14\composite.png
showcase_15_666_87_TZSNTHIAHM_1_24_25_D_LivingDining_114.153352_22.279546_181.8143_27.165863,15,TZSNTHIAHM,research\assets\distortion_segmentation_annotation_dataset\for_segmentation\images\666_87_TZSNTHIAHM_1_24_25_D_LivingDining_114.153352_22.279546_181.8143_27.165863.png,research\assets\distortion_segmentation_annotation_dataset\for_segmentation\images\650_87_TZSNTHIAHM_1_24_9_D_LivingDining_114.153352_22.279546_135.3114_27.165863.png,3,False,weak_ransac,134,53,0.395522,0.000149,research\outputs\restoration_v2\reference_results\15\warped.png,research\outputs\restoration_v2\reference_results\15\composite.png
showcase_16_1537_93_TZTNIHIYHM_1_39_44_F_Bed_2_114.149404_22.281903_256.0967_32.133977,16,TZTNIHIYHM,research\assets\distortion_segmentation_annotation_dataset\for_segmentation\images\1537_93_TZTNIHIYHM_1_39_44_F_Bed_2_114.149404_22.281903_256.0967_32.133977.png,research\assets\distortion_segmentation_annotation_dataset\for_segmentation\images\1493_93_TZTNIHIYHM_1_38_46_F_Bed_1_114.149373_22.281923_261.5982_32.133977.png,6,True,ok,262,236,0.900763,0.897034,research\outputs\restoration_v2\reference_results\16\warped.png,research\outputs\restoration_v2\reference_results\16\composite.png
showcase_17_637_3_OSRJURUXRU_1_31_20_D_MBed_114.151034_22.279006_200.6628_25.908724,17,OSRJURUXRU,research\assets\distortion_segmentation_annotation_dataset\for_segmentation\images\637_3_OSRJURUXRU_1_31_20_D_MBed_114.151034_22.279006_200.6628_25.908724.png,research\assets\distortion_segmentation_annotation_dataset\for_segmentation\images\667_3_OSRJURUXRU_1_32_24_D_Bed_1_114.151017_22.27902_211.7728_25.908724.png,7,True,ok,400,191,0.477500,0.997779,research\outputs\restoration_v2\reference_results\17\warped.png,research\outputs\restoration_v2\reference_results\17\composite.png
showcase_18_322_89_TZTMTHMJMM_1_25_19_D_Bed_1_114.145024_22.281708_213.4978_152.773372,18,TZTMTHMJMM,research\assets\distortion_segmentation_annotation_dataset\for_segmentation\images\322_89_TZTMTHMJMM_1_25_19_D_Bed_1_114.145024_22.281708_213.4978_152.773372.png,,0,False,no_same_group_candidate,0,0,0.000000,0.000000,research\outputs\restoration_v2\reference_results\18\warped.png,research\outputs\restoration_v2\reference_results\18\composite.png
showcase_19_112_49_SSPPWDPXPS_1_3_17_A_Bed_1_114.13391_22.285112_86.4546_56.279381,19,SSPPWDPXPS,research\assets\distortion_segmentation_annotation_dataset\for_segmentation\images\112_49_SSPPWDPXPS_1_3_17_A_Bed_1_114.13391_22.285112_86.4546_56.279381.png,research\assets\distortion_segmentation_annotation_dataset\for_segmentation\images\0_49_SSPPWDPXPS_1_1_11_A_MBed_114.133921_22.285144_68.64_56.982605.png,1,True,ok,263,124,0.471483,0.944649,research\outputs\restoration_v2\reference_results\19\warped.png,research\outputs\restoration_v2\reference_results\19\composite.png
showcase_20_11_46_SSPPWBPXPS_1_1_22_A_Bed_1_114.133187_22.284774_101.8261_106.039006,20,SSPPWBPXPS,research\assets\distortion_segmentation_annotation_dataset\for_segmentation\images\11_46_SSPPWBPXPS_1_1_22_A_Bed_1_114.133187_22.284774_101.8261_106.039006.png,research\assets\distortion_segmentation_annotation_dataset\for_segmentation\images\112_46_SSPPWBPXPS_1_3_19_A_Living_114.133194_22.284701_90.5225_106.038308.png,3,True,ok,302,217,0.718543,0.910765,research\outputs\restoration_v2\reference_results\20\warped.png,research\outputs\restoration_v2\reference_results\20\composite.png
showcase_21_134_15_SKEYPPEAPE_1_5_32_A_MBed_114.148373_22.280541_240.3548_26.831315,21,SKEYPPEAPE,research\assets\distortion_segmentation_annotation_dataset\for_segmentation\images\134_15_SKEYPPEAPE_1_5_32_A_MBed_114.148373_22.280541_240.3548_26.831315.png,research\assets\distortion_segmentation_annotation_dataset\for_segmentation\images\141_15_SKEYPPEAPE_1_6_11_A_Bed_2_114.148387_22.280512_178.3541_26.803866.png,14,True,ok,318,181,0.569182,0.775234,research\outputs\restoration_v2\reference_results\21\warped.png,research\outputs\restoration_v2\reference_results\21\composite.png
showcase_22_40_44_SSPPWBPEPK_1_2_17_A_MBed_114.152675_22.280637_116.9946_30.090764,22,SSPPWBPEPK,research\assets\distortion_segmentation_annotation_dataset\for_segmentation\images\40_44_SSPPWBPEPK_1_2_17_A_MBed_114.152675_22.280637_116.9946_30.090764.png,research\assets\distortion_segmentation_annotation_dataset\for_segmentation\images\69_44_SSPPWBPEPK_1_5_18_A_Living_114.152629_22.280669_119.99_30.091299.png,10,True,ok,263,117,0.444867,0.528783,research\outputs\restoration_v2\reference_results\22\warped.png,research\outputs\restoration_v2\reference_results\22\composite.png
showcase_23_203_13_SKEBGPEXPE_1_8_1_B_Living_114.148057_22.281298_157.79_9.094576,23,SKEBGPEXPE,research\assets\distortion_segmentation_annotation_dataset\for_segmentation\images\203_13_SKEBGPEXPE_1_8_1_B_Living_114.148057_22.281298_157.79_9.094576.png,,0,False,no_same_group_candidate,0,0,0.000000,0.000000,research\outputs\restoration_v2\reference_results\23\warped.png,research\outputs\restoration_v2\reference_results\23\composite.png
