sample_id,showcase_index,severity,category,mask_source,method,manual_sam_iou,manual_sam_dice,sam_ratio,selected_from,guard_score,seed_output_variance,mask_ratio,mask_outside_max_abs,mask_outside_mean_abs,original_mask_outside_max_abs,original_mask_outside_mean_abs,boundary_color_l1,boundary_edge_l1,inner_color_l1,color_mean_delta,color_std_delta,sharpness_gain,input_sharpness,output_sharpness
showcase_00_112_22_SKPPWBPEPE_2_34_13_Whole_MClo_114.149192_22.282896_120.74_124.801802,0,large,other,SAM_LoRA_cpu,B0_identity,1.0,1.0,1.0,B0_identity,0.03583603604279686,0.0,1.0,0,0.0,0,0.0,0.0,0.0,0.0,0.0,0.0,0.0,0.15249057114124298,0.15249057114124298
showcase_00_112_22_SKPPWBPEPE_2_34_13_Whole_MClo_114.149192_22.282896_120.74_124.801802,0,large,other,SAM_LoRA_cpu,B1_deterministic,1.0,1.0,1.0,B0_identity,0.03583603604279686,0.0,1.0,0,0.0,0,0.0,0.0,0.0,0.0,0.0,0.0,0.0,0.15249057114124298,0.15249057114124298
showcase_00_112_22_SKPPWBPEPE_2_34_13_Whole_MClo_114.149192_22.282896_120.74_124.801802,0,large,other,SAM_LoRA_cpu,G_lite_stochastic_proxy,1.0,1.0,1.0,B0_identity,0.04752123251368105,1.3156042098999023,1.0,0,0.0,0,0.0,0.0,0.0,0.0,0.5099690556526184,0.10539595037698746,1.4812237471342087,0.15249057114124298,1.6337143182754517
showcase_00_112_22_SKPPWBPEPE_2_34_13_Whole_MClo_114.149192_22.282896_120.74_124.801802,0,large,other,SAM_LoRA_cpu,Ours_guard_selected,1.0,1.0,1.0,B0_identity,0.03583603604279686,0.0,1.0,0,0.0,0,0.0,0.0,0.0,0.0,0.0,0.0,0.0,0.15249057114124298,0.15249057114124298
showcase_01_409_80_TZLZZHIOHT_1_203_1_D_Bed_1_114.144984_22.284617_88.68_30.932161,1,large,Bed,SAM_LoRA_cpu,B0_identity,0.9932820148051518,0.9966296865446282,0.8777135802469136,B0_identity,0.03583603604279686,0.0,0.8777135802469136,0,0.0,0,0.0,0.0,0.0,0.0,0.0,0.0,0.0,0.41664114594459534,0.41664114594459534
showcase_01_409_80_TZLZZHIOHT_1_203_1_D_Bed_1_114.144984_22.284617_88.68_30.932161,1,large,Bed,SAM_LoRA_cpu,B1_deterministic,0.9932820148051518,0.9966296865446282,0.8777135802469136,B0_identity,0.03596279570533234,0.0,0.8777135802469136,0,0.0,16,0.10448720537360848,3.744452714920044,1.9411877393722534,1.4562546014785767,0.0018717447528615594,0.05995941162109375,0.039910703897476196,0.41664114594459534,0.45655184984207153
showcase_01_409_80_TZLZZHIOHT_1_203_1_D_Bed_1_114.144984_22.284617_88.68_30.932161,1,large,Bed,SAM_LoRA_cpu,G_lite_stochastic_proxy,0.9932820148051518,0.9966296865446282,0.8777135802469136,B0_identity,0.04214931144498942,1.314371943473816,0.8777135802469136,0,0.0,11,0.06193043384619527,2.2193679809570312,1.2393945455551147,1.838876724243164,0.47009149193763733,0.12384923547506332,1.3352877795696259,0.41664114594459534,1.7519289255142212
showcase_01_409_80_TZLZZHIOHT_1_203_1_D_Bed_1_114.144984_22.284617_88.68_30.932161,1,large,Bed,SAM_LoRA_cpu,Ours_guard_selected,0.9932820148051518,0.9966296865446282,0.8777135802469136,B0_identity,0.03583603604279686,0.0,0.8777135802469136,0,0.0,0,0.0,0.0,0.0,0.0,0.0,0.0,0.0,0.41664114594459534,0.41664114594459534
showcase_02_124_85_TZSITHMXHM_1_11_5_2_Bed_1_114.152023_22.27867_167.35_37.628964,2,large,Bed,SAM_LoRA_cpu,B0_identity,1.0,1.0,1.0,B0_identity,0.03583603604279686,0.0,1.0,0,0.0,0,0.0,0.0,0.0,0.0,0.0,0.0,0.0,1.731999397277832,1.731999397277832
showcase_02_124_85_TZSITHMXHM_1_11_5_2_Bed_1_114.152023_22.27867_167.35_37.628964,2,large,Bed,SAM_LoRA_cpu,B1_deterministic,1.0,1.0,1.0,B0_identity,0.048094576838118415,0.0,1.0,0,0.0,0,0.0,0.0,0.0,0.0,0.0177332554012537,0.9062986373901367,0.5598289966583252,1.731999397277832,2.2918283939361572
showcase_02_124_85_TZSITHMXHM_1_11_5_2_Bed_1_114.152023_22.27867_167.35_37.628964,2,large,Bed,SAM_LoRA_cpu,G_lite_stochastic_proxy,1.0,1.0,1.0,B0_identity,0.046499171791261215,1.315536379814148,1.0,0,0.0,0,0.0,0.0,0.0,0.0,0.4772593080997467,0.5588150024414062,1.1122117042541504,1.731999397277832,2.8442111015319824
showcase_02_124_85_TZSITHMXHM_1_11_5_2_Bed_1_114.152023_22.27867_167.35_37.628964,2,large,Bed,SAM_LoRA_cpu,Ours_guard_selected,1.0,1.0,1.0,B0_identity,0.03583603604279686,0.0,1.0,0,0.0,0,0.0,0.0,0.0,0.0,0.0,0.0,0.0,1.731999397277832,1.731999397277832
showcase_03_100_67_TZDSIHSXMT_1_10_10_C_Null_114.141834_22.282128_142.1873_171.551879,3,large,Null,SAM_LoRA_cpu,B0_identity,0.9998716049382717,0.9999357983475482,0.9998716049382717,B1_deterministic,0.03583603604279686,0.0,0.9998716049382717,0,0.0,0,0.0,0.0,0.0,0.0,0.0,0.0,0.0,1.8889156579971313,1.8889156579971313
showcase_03_100_67_TZDSIHSXMT_1_10_10_C_Null_114.141834_22.282128_142.1873_171.551879,3,large,Null,SAM_LoRA_cpu,B1_deterministic,0.9998716049382717,0.9999357983475482,0.9998716049382717,B1_deterministic,0.03249565487317751,0.0,0.9998716049382717,0,0.0,6,0.3301282051282051,0.5364583730697632,0.74125075340271,3.488095283508301,0.014249165542423725,0.7344538569450378,0.6267987489700317,1.8889156579971313,2.515714406967163
showcase_03_100_67_TZDSIHSXMT_1_10_10_C_Null_114.141834_22.282128_142.1873_171.551879,3,large,Null,SAM_LoRA_cpu,G_lite_stochastic_proxy,0.9998716049382717,0.9999357983475482,0.9998716049382717,B1_deterministic,0.0331091244634602,1.31559157371521,0.9998716049382717,0,0.0,4,0.3108974358974359,0.5052083730697632,0.5623924732208252,3.0,0.5275115966796875,0.43089041113853455,1.1558538675308228,1.8889156579971313,3.044769525527954
showcase_03_100_67_TZDSIHSXMT_1_10_10_C_Null_114.141834_22.282128_142.1873_171.551879,3,large,Null,SAM_LoRA_cpu,Ours_guard_selected,0.9998716049382717,0.9999357983475482,0.9998716049382717,B1_deterministic,0.03249565487317751,0.0,0.9998716049382717,0,0.0,6,0.3301282051282051,0.5364583730697632,0.74125075340271,3.488095283508301,0.014249165542423725,0.7344538569450378,0.6267987489700317,1.8889156579971313,2.515714406967163
showcase_04_334_4_OSRRQRUXOU_1_110_1_D_Bed_2_114.150701_22.279246_166.77_131.407626,4,large,Bed,SAM_LoRA_cpu,B0_identity,0.9923294631576227,0.9961499656637008,0.9066567901234568,B0_identity,0.03583603604279686,0.0,0.9066567901234568,0,0.0,0,0.0,0.0,0.0,0.0,0.0,0.0,0.0,3.1597633361816406,3.1597633361816406
showcase_04_334_4_OSRRQRUXOU_1_110_1_D_Bed_2_114.150701_22.279246_166.77_131.407626,4,large,Bed,SAM_LoRA_cpu,B1_deterministic,0.9923294631576227,0.9961499656637008,0.9066567901234568,B0_identity,0.0443944008027361,0.0,0.9066567901234568,0,0.0,45,0.3666499135893909,4.001395225524902,3.1413445472717285,6.8447699546813965,0.013895670883357525,2.4690749645233154,1.957667350769043,3.1597633361816406,5.117430686950684
showcase_04_334_4_OSRRQRUXOU_1_110_1_D_Bed_2_114.150701_22.279246_166.77_131.407626,4,large,Bed,SAM_LoRA_cpu,G_lite_stochastic_proxy,0.9923294631576227,0.9961499656637008,0.9066567901234568,B0_identity,0.03966899922825143,1.3127422332763672,0.9066567901234568,0,0.0,29,0.2042861425598702,2.2294552326202393,1.7556251287460327,4.29946756362915,0.3018442690372467,1.3287500143051147,1.8096380233764648,3.1597633361816406,4.9694013595581055
showcase_04_334_4_OSRRQRUXOU_1_110_1_D_Bed_2_114.150701_22.279246_166.77_131.407626,4,large,Bed,SAM_LoRA_cpu,Ours_guard_selected,0.9923294631576227,0.9961499656637008,0.9066567901234568,B0_identity,0.03583603604279686,0.0,0.9066567901234568,0,0.0,0,0.0,0.0,0.0,0.0,0.0,0.0,0.0,3.1597633361816406,3.1597633361816406
showcase_05_326_84_TZSHZHMRHM_1_11_7_C_Kitchen_114.150158_22.280246_161.8387_118.38845,5,large,Kitchen,SAM_LoRA_cpu,B0_identity,1.0,1.0,1.0,B0_identity,0.03583603604279686,0.0,1.0,0,0.0,0,0.0,0.0,0.0,0.0,0.0,0.0,0.0,0.47866466641426086,0.47866466641426086
showcase_05_326_84_TZSHZHMRHM_1_11_7_C_Kitchen_114.150158_22.280246_161.8387_118.38845,5,large,Kitchen,SAM_LoRA_cpu,B1_deterministic,1.0,1.0,1.0,B0_identity,0.03904003466212258,0.0,1.0,0,0.0,0,0.0,0.0,0.0,0.0,0.0075174965895712376,0.2390562742948532,0.08119514584541321,0.47866466641426086,0.5598598122596741
showcase_05_326_84_TZSHZHMRHM_1_11_7_C_Kitchen_114.150158_22.280246_161.8387_118.38845,5,large,Kitchen,SAM_LoRA_cpu,G_lite_stochastic_proxy,1.0,1.0,1.0,B0_identity,0.04724360280096723,1.3156068325042725,1.0,0,0.0,0,0.0,0.0,0.0,0.0,0.4494577944278717,0.1925067901611328,1.3076224029064178,0.47866466641426086,1.7862870693206787
showcase_05_326_84_TZSHZHMRHM_1_11_7_C_Kitchen_114.150158_22.280246_161.8387_118.38845,5,large,Kitchen,SAM_LoRA_cpu,Ours_guard_selected,1.0,1.0,1.0,B0_identity,0.03583603604279686,0.0,1.0,0,0.0,0,0.0,0.0,0.0,0.0,0.0,0.0,0.0,0.47866466641426086,0.47866466641426086
showcase_06_11_16_SKKYGPBEPE_1_1_15_A_Kitchen_114.151878_22.278839_167.6916_172.417722,6,large,Kitchen,SAM_LoRA_cpu,B0_identity,1.0,1.0,1.0,B0_identity,0.03583603604279686,0.0,1.0,0,0.0,0,0.0,0.0,0.0,0.0,0.0,0.0,0.0,2.2763309478759766,2.2763309478759766
showcase_06_11_16_SKKYGPBEPE_1_1_15_A_Kitchen_114.151878_22.278839_167.6916_172.417722,6,large,Kitchen,SAM_LoRA_cpu,B1_deterministic,1.0,1.0,1.0,B0_identity,0.04348044557954942,0.0,1.0,0,0.0,0,0.0,0.0,0.0,0.0,0.009440104477107525,0.456695556640625,0.8375535011291504,2.2763309478759766,3.113884449005127
showcase_06_11_16_SKKYGPBEPE_1_1_15_A_Kitchen_114.151878_22.278839_167.6916_172.417722,6,large,Kitchen,SAM_LoRA_cpu,G_lite_stochastic_proxy,1.0,1.0,1.0,B0_identity,0.04270282644629404,1.3154561519622803,1.0,0,0.0,0,0.0,0.0,0.0,0.0,0.5034840703010559,0.2871945798397064,1.203674077987671,2.2763309478759766,3.4800050258636475
showcase_06_11_16_SKKYGPBEPE_1_1_15_A_Kitchen_114.151878_22.278839_167.6916_172.417722,6,large,Kitchen,SAM_LoRA_cpu,Ours_guard_selected,1.0,1.0,1.0,B0_identity,0.03583603604279686,0.0,1.0,0,0.0,0,0.0,0.0,0.0,0.0,0.0,0.0,0.0,2.2763309478759766,2.2763309478759766
showcase_07_10_72_TZDZZHIAHT_1_1_11_F_Bed_1_114.144757_22.284454_117.7657_167.392177,7,large,Bed,SAM_LoRA_cpu,B0_identity,0.9840808981618324,0.9919765863111146,0.6814086419753086,B1_deterministic,0.03583603604279686,0.0,0.6814086419753086,0,0.0,0,0.0,0.0,0.0,0.0,0.0,0.0,0.0,2.4877333641052246,2.4877333641052246
showcase_07_10_72_TZDZZHIAHT_1_1_11_F_Bed_1_114.144757_22.284454_117.7657_167.392177,7,large,Bed,SAM_LoRA_cpu,B1_deterministic,0.9840808981618324,0.9919765863111146,0.6814086419753086,B1_deterministic,0.03205612644594586,0.0,0.6814086419753086,0,0.0,33,0.06435995902745754,3.230001211166382,2.3248953819274902,5.123129367828369,0.0031712849158793688,0.9775416254997253,0.8081502914428711,2.4877333641052246,3.2958836555480957
showcase_07_10_72_TZDZZHIAHT_1_1_11_F_Bed_1_114.144757_22.284454_117.7657_167.392177,7,large,Bed,SAM_LoRA_cpu,G_lite_stochastic_proxy,0.9840808981618324,0.9919765863111146,0.6814086419753086,B1_deterministic,0.03307510156118281,1.312981128692627,0.6814086419753086,0,0.0,18,0.037118126733292255,1.8628288507461548,1.380189061164856,3.5083298683166504,0.5227076411247253,0.550537109375,1.1379272937774658,2.4877333641052246,3.6256606578826904
showcase_07_10_72_TZDZZHIAHT_1_1_11_F_Bed_1_114.144757_22.284454_117.7657_167.392177,7,large,Bed,SAM_LoRA_cpu,Ours_guard_selected,0.9840808981618324,0.9919765863111146,0.6814086419753086,B1_deterministic,0.03205612644594586,0.0,0.6814086419753086,0,0.0,33,0.06435995902745754,3.230001211166382,2.3248953819274902,5.123129367828369,0.0031712849158793688,0.9775416254997253,0.8081502914428711,2.4877333641052246,3.2958836555480957
showcase_08_152_10_SKADBPYRPE_3_25_28_A_Bed_2_114.149297_22.282768_152.26_30.57121,8,medium,Bed,SAM_LoRA_cpu,B0_identity,0.9237877110543712,0.9603842521148765,0.46584691358024694,B1_deterministic,0.03583603604279686,0.0,0.46584691358024694,0,0.0,0,0.0,0.0,0.0,0.0,0.0,0.0,0.0,2.3222618103027344,2.3222618103027344
showcase_08_152_10_SKADBPYRPE_3_25_28_A_Bed_2_114.149297_22.282768_152.26_30.57121,8,medium,Bed,SAM_LoRA_cpu,B1_deterministic,0.9237877110543712,0.9603842521148765,0.46584691358024694,B1_deterministic,0.0322509804351437,0.0,0.46584691358024694,0,0.0,68,0.06096416618900579,3.2648842334747314,2.566847324371338,7.874218940734863,0.04616038128733635,1.90384042263031,1.2093563079833984,2.3222618103027344,3.531618118286133
showcase_08_152_10_SKADBPYRPE_3_25_28_A_Bed_2_114.149297_22.282768_152.26_30.57121,8,medium,Bed,SAM_LoRA_cpu,G_lite_stochastic_proxy,0.9237877110543712,0.9603842521148765,0.46584691358024694,B1_deterministic,0.03311588495316672,1.310702919960022,0.46584691358024694,0,0.0,37,0.034999445297043436,1.8743656873703003,1.4907280206680298,5.042356967926025,0.5176137089729309,1.008928894996643,1.501629114151001,2.3222618103027344,3.8238909244537354
showcase_08_152_10_SKADBPYRPE_3_25_28_A_Bed_2_114.149297_22.282768_152.26_30.57121,8,medium,Bed,SAM_LoRA_cpu,Ours_guard_selected,0.9237877110543712,0.9603842521148765,0.46584691358024694,B1_deterministic,0.0322509804351437,0.0,0.46584691358024694,0,0.0,68,0.06096416618900579,3.2648842334747314,2.566847324371338,7.874218940734863,0.04616038128733635,1.90384042263031,1.2093563079833984,2.3222618103027344,3.531618118286133
showcase_09_11_62_TTSDZHIVHT_1_3_16_A_Living_114.13213_22.282362_109.46_60.14074,9,medium,Living,SAM_LoRA_cpu,B0_identity,0.9968256423534634,0.9984102980354382,0.36709506172839507,B1_deterministic,0.03583603604279686,0.0,0.36709506172839507,0,0.0,0,0.0,0.0,0.0,0.0,0.0,0.0,0.0,1.2788687944412231,1.2788687944412231
showcase_09_11_62_TTSDZHIVHT_1_3_16_A_Living_114.13213_22.282362_109.46_60.14074,9,medium,Living,SAM_LoRA_cpu,B1_deterministic,0.9968256423534634,0.9984102980354382,0.36709506172839507,B1_deterministic,0.010847933767311118,0.0,0.36709506172839507,0,0.0,26,0.021051276399435877,3.970566511154175,4.033228874206543,10.609639167785645,0.02213541604578495,0.981787383556366,0.5409582853317261,1.2788687944412231,1.8198270797729492
showcase_09_11_62_TTSDZHIVHT_1_3_16_A_Living_114.13213_22.282362_109.46_60.14074,9,medium,Living,SAM_LoRA_cpu,G_lite_stochastic_proxy,0.9968256423534634,0.9984102980354382,0.36709506172839507,B1_deterministic,0.027092028440316118,1.3148092031478882,0.36709506172839507,0,0.0,14,0.011772745567339572,2.2205052375793457,2.1843557357788086,6.128403186798096,0.47682443261146545,0.5903294682502747,1.308709740638733,1.2788687944412231,2.587578535079956
showcase_09_11_62_TTSDZHIVHT_1_3_16_A_Living_114.13213_22.282362_109.46_60.14074,9,medium,Living,SAM_LoRA_cpu,Ours_guard_selected,0.9968256423534634,0.9984102980354382,0.36709506172839507,B1_deterministic,0.010847933767311118,0.0,0.36709506172839507,0,0.0,26,0.021051276399435877,3.970566511154175,4.033228874206543,10.609639167785645,0.02213541604578495,0.981787383556366,0.5409582853317261,1.2788687944412231,1.8198270797729492
showcase_10_332_11_SKBKBPEAPE_1_10_9_B_Living_114.148944_22.280819_177.7997_124.083485,10,medium,Living,SAM_LoRA_cpu,B0_identity,0.9183708193355553,0.9574486956110406,0.6477567901234568,B0_identity,0.03583603604279686,0.0,0.6477567901234568,0,0.0,0,0.0,0.0,0.0,0.0,0.0,0.0,0.0,2.555950880050659,2.555950880050659
showcase_10_332_11_SKBKBPEAPE_1_10_9_B_Living_114.148944_22.280819_177.7997_124.083485,10,medium,Living,SAM_LoRA_cpu,B1_deterministic,0.9183708193355553,0.9574486956110406,0.6477567901234568,B0_identity,0.040843086100162046,0.0,0.6477567901234568,0,0.0,60,0.06126869411917271,1.8175296783447266,1.6310724020004272,5.977451801300049,0.011553446762263775,2.1137211322784424,1.478764295578003,2.555950880050659,4.034715175628662
showcase_10_332_11_SKBKBPEAPE_1_10_9_B_Living_114.148944_22.280819_177.7997_124.083485,10,medium,Living,SAM_LoRA_cpu,G_lite_stochastic_proxy,0.9183708193355553,0.9574486956110406,0.6477567901234568,B0_identity,0.03780065078548793,1.3107099533081055,0.6477567901234568,0,0.0,33,0.037690241614298015,1.1180771589279175,0.9799352884292603,3.9511842727661133,0.4829813539981842,1.1303621530532837,1.6031701564788818,2.555950880050659,4.159121036529541
showcase_10_332_11_SKBKBPEAPE_1_10_9_B_Living_114.148944_22.280819_177.7997_124.083485,10,medium,Living,SAM_LoRA_cpu,Ours_guard_selected,0.9183708193355553,0.9574486956110406,0.6477567901234568,B0_identity,0.03583603604279686,0.0,0.6477567901234568,0,0.0,0,0.0,0.0,0.0,0.0,0.0,0.0,0.0,2.555950880050659,2.555950880050659
showcase_11_291_41_SKSWBPWJPS_1_11_12_D_LivingDining_114.142098_22.284331_102.0552_26.061722,11,medium,other,SAM_LoRA_cpu,B0_identity,0.9711191044257934,0.9853479703436694,0.6107555555555556,B0_identity,0.03583603604279686,0.0,0.6107555555555556,0,0.0,0,0.0,0.0,0.0,0.0,0.0,0.0,0.0,4.31429386138916,4.31429386138916
showcase_11_291_41_SKSWBPWJPS_1_11_12_D_LivingDining_114.142098_22.284331_102.0552_26.061722,11,medium,other,SAM_LoRA_cpu,B1_deterministic,0.9711191044257934,0.9853479703436694,0.6107555555555556,B0_identity,0.05514358534157202,0.0,0.6107555555555556,0,0.0,49,0.05711074742246242,3.200556993484497,2.6607048511505127,10.395811080932617,0.06082916259765625,4.820127964019775,3.1019392013549805,4.31429386138916,7.416233062744141
showcase_11_291_41_SKSWBPWJPS_1_11_12_D_LivingDining_114.142098_22.284331_102.0552_26.061722,11,medium,other,SAM_LoRA_cpu,G_lite_stochastic_proxy,0.9711191044257934,0.9853479703436694,0.6107555555555556,B0_identity,0.04459180366141455,1.3112502098083496,0.6107555555555556,0,0.0,27,0.03266642984615124,1.83066725730896,1.502988338470459,6.1329803466796875,0.4841766357421875,2.529031753540039,2.4033713340759277,4.31429386138916,6.717665195465088
showcase_11_291_41_SKSWBPWJPS_1_11_12_D_LivingDining_114.142098_22.284331_102.0552_26.061722,11,medium,other,SAM_LoRA_cpu,Ours_guard_selected,0.9711191044257934,0.9853479703436694,0.6107555555555556,B0_identity,0.03583603604279686,0.0,0.6107555555555556,0,0.0,0,0.0,0.0,0.0,0.0,0.0,0.0,0.0,4.31429386138916,4.31429386138916
showcase_12_126_27_SKPPWEPXPE_2_32_17_B_Living_114.146829_22.283221_127.9217_4.44512,12,medium,Living,SAM_LoRA_cpu,B0_identity,0.9693405946804843,0.9844316389951379,0.46241481481481483,B0_identity,0.03583603604279686,0.0,0.46241481481481483,0,0.0,0,0.0,0.0,0.0,0.0,0.0,0.0,0.0,3.1889519691467285,3.1889519691467285
showcase_12_126_27_SKPPWEPXPE_2_32_17_B_Living_114.146829_22.283221_127.9217_4.44512,12,medium,Living,SAM_LoRA_cpu,B1_deterministic,0.9693405946804843,0.9844316389951379,0.46241481481481483,B0_identity,0.05299114788894266,0.0,0.46241481481481483,0,0.0,31,0.03476604722229877,5.368321418762207,5.1125969886779785,11.099669456481934,0.04536692425608635,4.682363033294678,2.104653835296631,3.1889519691467285,5.293605804443359
showcase_12_126_27_SKPPWEPXPE_2_32_17_B_Living_114.146829_22.283221_127.9217_4.44512,12,medium,Living,SAM_LoRA_cpu,G_lite_stochastic_proxy,0.9693405946804843,0.9844316389951379,0.46241481481481483,B0_identity,0.04272764386328699,1.3136675357818604,0.46241481481481483,0,0.0,16,0.019105403526821666,2.950118064880371,2.8299436569213867,6.776988506317139,0.5182952880859375,2.46349835395813,1.8419833183288574,3.1889519691467285,5.030935287475586
showcase_12_126_27_SKPPWEPXPE_2_32_17_B_Living_114.146829_22.283221_127.9217_4.44512,12,medium,Living,SAM_LoRA_cpu,Ours_guard_selected,0.9693405946804843,0.9844316389951379,0.46241481481481483,B0_identity,0.03583603604279686,0.0,0.46241481481481483,0,0.0,0,0.0,0.0,0.0,0.0,0.0,0.0,0.0,3.1889519691467285,3.1889519691467285
showcase_13_1332_56_SSPPWYPXPS_1_26_18_G_Living_114.133475_22.285613_89.834_14.049906,13,medium,Living,SAM_LoRA_cpu,B0_identity,0.8816051965745426,0.9370777654945922,0.4014691358024691,B0_identity,0.03583603604279686,0.0,0.4014691358024691,0,0.0,0,0.0,0.0,0.0,0.0,0.0,0.0,0.0,5.756322860717773,5.756322860717773
showcase_13_1332_56_SSPPWYPXPS_1_26_18_G_Living_114.133475_22.285613_89.834_14.049906,13,medium,Living,SAM_LoRA_cpu,B1_deterministic,0.8816051965745426,0.9370777654945922,0.4014691358024691,B0_identity,0.05112163649249874,0.0,0.4014691358024691,0,0.0,42,0.08717985740118121,3.882570743560791,3.5190012454986572,10.783790588378906,0.4902597963809967,4.570278167724609,3.7829675674438477,5.756322860717773,9.539290428161621
showcase_13_1332_56_SSPPWYPXPS_1_26_18_G_Living_114.133475_22.285613_89.834_14.049906,13,medium,Living,SAM_LoRA_cpu,G_lite_stochastic_proxy,0.8816051965745426,0.9370777654945922,0.4014691358024691,B0_identity,0.03863320030179576,1.3072503805160522,0.4014691358024691,0,0.0,25,0.05038331167536423,2.2438299655914307,2.0119714736938477,6.59670877456665,0.7965214848518372,2.198580503463745,2.502680778503418,5.756322860717773,8.259003639221191
showcase_13_1332_56_SSPPWYPXPS_1_26_18_G_Living_114.133475_22.285613_89.834_14.049906,13,medium,Living,SAM_LoRA_cpu,Ours_guard_selected,0.8816051965745426,0.9370777654945922,0.4014691358024691,B0_identity,0.03583603604279686,0.0,0.4014691358024691,0,0.0,0,0.0,0.0,0.0,0.0,0.0,0.0,0.0,5.756322860717773,5.756322860717773
showcase_14_322_73_TZHSTHMYHM_2_108_16_1_Kitchen_114.151702_22.278596_198.2771_116.042403,14,medium,Kitchen,SAM_LoRA_cpu,B0_identity,0.7345450252833614,0.8469598823626542,0.490737037037037,B0_identity,0.03583603604279686,0.0,0.490737037037037,0,0.0,0,0.0,0.0,0.0,0.0,0.0,0.0,0.0,1.3680317401885986,1.3680317401885986
showcase_14_322_73_TZHSTHMYHM_2_108_16_1_Kitchen_114.151702_22.278596_198.2771_116.042403,14,medium,Kitchen,SAM_LoRA_cpu,B1_deterministic,0.7345450252833614,0.8469598823626542,0.490737037037037,B0_identity,0.03769056007892424,0.0,0.490737037037037,0,0.0,30,0.08071214027534346,1.8416860103607178,1.3478989601135254,3.462456703186035,0.008183796890079975,1.0091041326522827,0.5006967782974243,1.3680317401885986,1.868728518486023
showcase_14_322_73_TZHSTHMYHM_2_108_16_1_Kitchen_114.151702_22.278596_198.2771_116.042403,14,medium,Kitchen,SAM_LoRA_cpu,G_lite_stochastic_proxy,0.7345450252833614,0.8469598823626542,0.490737037037037,B0_identity,0.040136903666495624,1.3037632703781128,0.490737037037037,0,0.0,17,0.05148972653936254,1.1748902797698975,0.8752379417419434,2.6986539363861084,0.4424336850643158,0.6393671035766602,1.3237195014953613,1.3680317401885986,2.69175124168396
showcase_14_322_73_TZHSTHMYHM_2_108_16_1_Kitchen_114.151702_22.278596_198.2771_116.042403,14,medium,Kitchen,SAM_LoRA_cpu,Ours_guard_selected,0.7345450252833614,0.8469598823626542,0.490737037037037,B0_identity,0.03583603604279686,0.0,0.490737037037037,0,0.0,0,0.0,0.0,0.0,0.0,0.0,0.0,0.0,1.3680317401885986,1.3680317401885986
showcase_15_666_87_TZSNTHIAHM_1_24_25_D_LivingDining_114.153352_22.279546_181.8143_27.165863,15,medium,other,SAM_LoRA_cpu,B0_identity,0.980071204364954,0.9899353136437143,0.4101666666666667,B1_deterministic,0.03583603604279686,0.0,0.4101666666666667,0,0.0,0,0.0,0.0,0.0,0.0,0.0,0.0,0.0,2.3757164478302,2.3757164478302
showcase_15_666_87_TZSNTHIAHM_1_24_25_D_LivingDining_114.153352_22.279546_181.8143_27.165863,15,medium,other,SAM_LoRA_cpu,B1_deterministic,0.980071204364954,0.9899353136437143,0.4101666666666667,B1_deterministic,0.02670997206908815,0.0,0.4101666666666667,0,0.0,40,0.036187246868230195,4.289010047912598,3.607323169708252,10.162736892700195,0.0567525215446949,2.142378568649292,1.2359793186187744,2.3757164478302,3.6116957664489746
showcase_15_666_87_TZSNTHIAHM_1_24_25_D_LivingDining_114.153352_22.279546_181.8143_27.165863,15,medium,other,SAM_LoRA_cpu,G_lite_stochastic_proxy,0.980071204364954,0.9899353136437143,0.4101666666666667,B1_deterministic,0.03107394114879087,1.3116090297698975,0.4101666666666667,0,0.0,22,0.020128445295629998,2.3856775760650635,1.9815038442611694,6.043401718139648,0.4974111020565033,1.1446539163589478,1.5179529190063477,2.3757164478302,3.893669366836548
showcase_15_666_87_TZSNTHIAHM_1_24_25_D_LivingDining_114.153352_22.279546_181.8143_27.165863,15,medium,other,SAM_LoRA_cpu,Ours_guard_selected,0.980071204364954,0.9899353136437143,0.4101666666666667,B1_deterministic,0.02670997206908815,0.0,0.4101666666666667,0,0.0,40,0.036187246868230195,4.289010047912598,3.607323169708252,10.162736892700195,0.0567525215446949,2.142378568649292,1.2359793186187744,2.3757164478302,3.6116957664489746
showcase_16_1537_93_TZTNIHIYHM_1_39_44_F_Bed_2_114.149404_22.281903_256.0967_32.133977,16,small,Bed,SAM_LoRA_cpu,B0_identity,0.929680472974111,0.9635589787994748,0.3658543209876543,B0_identity,0.03583603604279686,0.0,0.3658543209876543,0,0.0,0,0.0,0.0,0.0,0.0,0.0,0.0,0.0,4.583774566650391,4.583774566650391
showcase_16_1537_93_TZTNIHIYHM_1_39_44_F_Bed_2_114.149404_22.281903_256.0967_32.133977,16,small,Bed,SAM_LoRA_cpu,B1_deterministic,0.929680472974111,0.9635589787994748,0.3658543209876543,B0_identity,0.06461578377425872,0.0,0.3658543209876543,0,0.0,47,0.03705124161731476,3.7949488162994385,3.513721227645874,9.033906936645508,0.15921275317668915,5.174704074859619,2.831605911254883,4.583774566650391,7.415380477905273
showcase_16_1537_93_TZTNIHIYHM_1_39_44_F_Bed_2_114.149404_22.281903_256.0967_32.133977,16,small,Bed,SAM_LoRA_cpu,G_lite_stochastic_proxy,0.929680472974111,0.9635589787994748,0.3658543209876543,B0_identity,0.048866749662123926,1.3111802339553833,0.3658543209876543,0,0.0,26,0.02110807839716958,2.1619808673858643,1.9783318042755127,5.5668134689331055,0.5612055659294128,2.7142841815948486,2.2506861686706543,4.583774566650391,6.834460735321045
showcase_16_1537_93_TZTNIHIYHM_1_39_44_F_Bed_2_114.149404_22.281903_256.0967_32.133977,16,small,Bed,SAM_LoRA_cpu,Ours_guard_selected,0.929680472974111,0.9635589787994748,0.3658543209876543,B0_identity,0.03583603604279686,0.0,0.3658543209876543,0,0.0,0,0.0,0.0,0.0,0.0,0.0,0.0,0.0,4.583774566650391,4.583774566650391
showcase_17_637_3_OSRJURUXRU_1_31_20_D_MBed_114.151034_22.279006_200.6628_25.908724,17,small,MBed,SAM_LoRA_cpu,B0_identity,0.868006878265207,0.9293401307722308,0.37496172839506176,B0_identity,0.03583603604279686,0.0,0.37496172839506176,0,0.0,0,0.0,0.0,0.0,0.0,0.0,0.0,0.0,3.3253612518310547,3.3253612518310547
showcase_17_637_3_OSRJURUXRU_1_31_20_D_MBed_114.151034_22.279006_200.6628_25.908724,17,small,MBed,SAM_LoRA_cpu,B1_deterministic,0.868006878265207,0.9293401307722308,0.37496172839506176,B0_identity,0.04643365744001707,0.0,0.37496172839506176,0,0.0,35,0.02579265928078149,1.9074398279190063,1.8381295204162598,7.947000980377197,0.0355072021484375,3.3410580158233643,2.0032224655151367,3.3253612518310547,5.328583717346191
showcase_17_637_3_OSRJURUXRU_1_31_20_D_MBed_114.151034_22.279006_200.6628_25.908724,17,small,MBed,SAM_LoRA_cpu,G_lite_stochastic_proxy,0.868006878265207,0.9293401307722308,0.37496172839506176,B0_identity,0.04048572270214895,1.3099925518035889,0.37496172839506176,0,0.0,21,0.015514440926415698,1.1473366022109985,1.0745294094085693,4.839198589324951,0.4902597963809967,1.7781339883804321,1.724219799041748,3.3253612518310547,5.049581050872803
showcase_17_637_3_OSRJURUXRU_1_31_20_D_MBed_114.151034_22.279006_200.6628_25.908724,17,small,MBed,SAM_LoRA_cpu,Ours_guard_selected,0.868006878265207,0.9293401307722308,0.37496172839506176,B0_identity,0.03583603604279686,0.0,0.37496172839506176,0,0.0,0,0.0,0.0,0.0,0.0,0.0,0.0,0.0,3.3253612518310547,3.3253612518310547
showcase_18_322_89_TZTMTHMJMM_1_25_19_D_Bed_1_114.145024_22.281708_213.4978_152.773372,18,small,Bed,SAM_LoRA_cpu,B0_identity,1.0,1.0,0.0,B0_identity,0.03583603604279686,0.0,0.0,0,0.0,0,0.0,0.0,0.0,0.0,0.0,0.0,0.0,11.209617614746094,11.209617614746094
showcase_18_322_89_TZTMTHMJMM_1_25_19_D_Bed_1_114.145024_22.281708_213.4978_152.773372,18,small,Bed,SAM_LoRA_cpu,B1_deterministic,1.0,1.0,0.0,B0_identity,0.03583603604279686,0.0,0.0,0,0.0,0,0.0,0.0,0.0,0.0,0.0,0.0,0.0,11.209617614746094,11.209617614746094
showcase_18_322_89_TZTMTHMJMM_1_25_19_D_Bed_1_114.145024_22.281708_213.4978_152.773372,18,small,Bed,SAM_LoRA_cpu,G_lite_stochastic_proxy,1.0,1.0,0.0,B0_identity,0.03583603604279686,0.0,0.0,0,0.0,0,0.0,0.0,0.0,0.0,0.0,0.0,0.0,11.209617614746094,11.209617614746094
showcase_18_322_89_TZTMTHMJMM_1_25_19_D_Bed_1_114.145024_22.281708_213.4978_152.773372,18,small,Bed,SAM_LoRA_cpu,Ours_guard_selected,1.0,1.0,0.0,B0_identity,0.03583603604279686,0.0,0.0,0,0.0,0,0.0,0.0,0.0,0.0,0.0,0.0,0.0,11.209617614746094,11.209617614746094
showcase_19_112_49_SSPPWDPXPS_1_3_17_A_Bed_1_114.13391_22.285112_86.4546_56.279381,19,small,Bed,SAM_LoRA_cpu,B0_identity,1.0,1.0,0.0,B0_identity,0.03583603604279686,0.0,0.0,0,0.0,0,0.0,0.0,0.0,0.0,0.0,0.0,0.0,7.132356643676758,7.132356643676758
showcase_19_112_49_SSPPWDPXPS_1_3_17_A_Bed_1_114.13391_22.285112_86.4546_56.279381,19,small,Bed,SAM_LoRA_cpu,B1_deterministic,1.0,1.0,0.0,B0_identity,0.03583603604279686,0.0,0.0,0,0.0,0,0.0,0.0,0.0,0.0,0.0,0.0,0.0,7.132356643676758,7.132356643676758
showcase_19_112_49_SSPPWDPXPS_1_3_17_A_Bed_1_114.13391_22.285112_86.4546_56.279381,19,small,Bed,SAM_LoRA_cpu,G_lite_stochastic_proxy,1.0,1.0,0.0,B0_identity,0.03583603604279686,0.0,0.0,0,0.0,0,0.0,0.0,0.0,0.0,0.0,0.0,0.0,7.132356643676758,7.132356643676758
showcase_19_112_49_SSPPWDPXPS_1_3_17_A_Bed_1_114.13391_22.285112_86.4546_56.279381,19,small,Bed,SAM_LoRA_cpu,Ours_guard_selected,1.0,1.0,0.0,B0_identity,0.03583603604279686,0.0,0.0,0,0.0,0,0.0,0.0,0.0,0.0,0.0,0.0,0.0,7.132356643676758,7.132356643676758
showcase_20_11_46_SSPPWBPXPS_1_1_22_A_Bed_1_114.133187_22.284774_101.8261_106.039006,20,small,Bed,SAM_LoRA_cpu,B0_identity,1.0,1.0,0.0,B0_identity,0.03583603604279686,0.0,0.0,0,0.0,0,0.0,0.0,0.0,0.0,0.0,0.0,0.0,7.1938066482543945,7.1938066482543945
showcase_20_11_46_SSPPWBPXPS_1_1_22_A_Bed_1_114.133187_22.284774_101.8261_106.039006,20,small,Bed,SAM_LoRA_cpu,B1_deterministic,1.0,1.0,0.0,B0_identity,0.03583603604279686,0.0,0.0,0,0.0,0,0.0,0.0,0.0,0.0,0.0,0.0,0.0,7.1938066482543945,7.1938066482543945
showcase_20_11_46_SSPPWBPXPS_1_1_22_A_Bed_1_114.133187_22.284774_101.8261_106.039006,20,small,Bed,SAM_LoRA_cpu,G_lite_stochastic_proxy,1.0,1.0,0.0,B0_identity,0.03583603604279686,0.0,0.0,0,0.0,0,0.0,0.0,0.0,0.0,0.0,0.0,0.0,7.1938066482543945,7.1938066482543945
showcase_20_11_46_SSPPWBPXPS_1_1_22_A_Bed_1_114.133187_22.284774_101.8261_106.039006,20,small,Bed,SAM_LoRA_cpu,Ours_guard_selected,1.0,1.0,0.0,B0_identity,0.03583603604279686,0.0,0.0,0,0.0,0,0.0,0.0,0.0,0.0,0.0,0.0,0.0,7.1938066482543945,7.1938066482543945
showcase_21_134_15_SKEYPPEAPE_1_5_32_A_MBed_114.148373_22.280541_240.3548_26.831315,21,small,MBed,SAM_LoRA_cpu,B0_identity,0.9923625039338272,0.9961666132287207,0.2611283950617284,B0_identity,0.03583603604279686,0.0,0.2611283950617284,0,0.0,0,0.0,0.0,0.0,0.0,0.0,0.0,0.0,4.5112810134887695,4.5112810134887695
showcase_21_134_15_SKEYPPEAPE_1_5_32_A_MBed_114.148373_22.280541_240.3548_26.831315,21,small,MBed,SAM_LoRA_cpu,B1_deterministic,0.9923625039338272,0.9961666132287207,0.2611283950617284,B0_identity,0.05042617660790352,0.0,0.2611283950617284,0,0.0,35,0.03238895034024745,5.64154052734375,3.578352928161621,5.589631080627441,0.011563618667423725,2.3700129985809326,2.5160470008850098,4.5112810134887695,7.027328014373779
showcase_21_134_15_SKEYPPEAPE_1_5_32_A_MBed_114.148373_22.280541_240.3548_26.831315,21,small,MBed,SAM_LoRA_cpu,G_lite_stochastic_proxy,0.9923625039338272,0.9961666132287207,0.2611283950617284,B0_identity,0.04242878679333383,1.3109411001205444,0.2611283950617284,0,0.0,20,0.01795252242046319,3.126988649368286,2.018624782562256,3.5932435989379883,0.4883829653263092,1.31204092502594,1.799851894378662,4.5112810134887695,6.311132907867432
showcase_21_134_15_SKEYPPEAPE_1_5_32_A_MBed_114.148373_22.280541_240.3548_26.831315,21,small,MBed,SAM_LoRA_cpu,Ours_guard_selected,0.9923625039338272,0.9961666132287207,0.2611283950617284,B0_identity,0.03583603604279686,0.0,0.2611283950617284,0,0.0,0,0.0,0.0,0.0,0.0,0.0,0.0,0.0,4.5112810134887695,4.5112810134887695
showcase_22_40_44_SSPPWBPEPK_1_2_17_A_MBed_114.152675_22.280637_116.9946_30.090764,22,small,MBed,SAM_LoRA_cpu,B0_identity,0.0,0.0,0.009976543209876542,B0_identity,0.03583603604279686,0.0,0.009976543209876542,0,0.0,0,0.0,0.0,0.0,0.0,0.0,0.0,0.0,1.5755712985992432,1.5755712985992432
showcase_22_40_44_SSPPWBPEPK_1_2_17_A_MBed_114.152675_22.280637_116.9946_30.090764,22,small,MBed,SAM_LoRA_cpu,B1_deterministic,0.0,0.0,0.009976543209876542,B0_identity,0.047658872073412344,0.0,0.009976543209876542,0,0.0,11,0.0008388212109535585,0.3028665781021118,0.28291377425193787,0.6792939305305481,0.0569203682243824,1.1011499166488647,0.47549986839294434,1.5755712985992432,2.0510711669921875
showcase_22_40_44_SSPPWBPEPK_1_2_17_A_MBed_114.152675_22.280637_116.9946_30.090764,22,small,MBed,SAM_LoRA_cpu,G_lite_stochastic_proxy,0.0,0.0,0.009976543209876542,B0_identity,0.0442330311687488,1.2484272718429565,0.009976543209876542,0,0.0,7,0.0010574634096461113,0.3818100094795227,0.35842904448509216,1.535913109779358,0.4105122983455658,0.8722125887870789,1.0420012474060059,1.5755712985992432,2.617572546005249
showcase_22_40_44_SSPPWBPEPK_1_2_17_A_MBed_114.152675_22.280637_116.9946_30.090764,22,small,MBed,SAM_LoRA_cpu,Ours_guard_selected,0.0,0.0,0.009976543209876542,B0_identity,0.03583603604279686,0.0,0.009976543209876542,0,0.0,0,0.0,0.0,0.0,0.0,0.0,0.0,0.0,1.5755712985992432,1.5755712985992432
showcase_23_203_13_SKEBGPEXPE_1_8_1_B_Living_114.148057_22.281298_157.79_9.094576,23,small,Living,SAM_LoRA_cpu,B0_identity,0.5397940074906367,0.7011249619945272,0.2504148148148148,B0_identity,0.03583603604279686,0.0,0.2504148148148148,0,0.0,0,0.0,0.0,0.0,0.0,0.0,0.0,0.0,6.198428630828857,6.198428630828857
showcase_23_203_13_SKEBGPEXPE_1_8_1_B_Living_114.148057_22.281298_157.79_9.094576,23,small,Living,SAM_LoRA_cpu,B1_deterministic,0.5397940074906367,0.7011249619945272,0.2504148148148148,B0_identity,0.055722593775097855,0.0,0.2504148148148148,0,0.0,57,0.06647956729977403,3.180772304534912,2.8246805667877197,11.014908790588379,0.0491943359375,5.129479885101318,4.290757656097412,6.198428630828857,10.48918628692627
showcase_23_203_13_SKEBGPEXPE_1_8_1_B_Living_114.148057_22.281298_157.79_9.094576,23,small,Living,SAM_LoRA_cpu,G_lite_stochastic_proxy,0.5397940074906367,0.7011249619945272,0.2504148148148148,B0_identity,0.043729867089017056,1.2978665828704834,0.2504148148148148,0,0.0,32,0.03843552428448766,1.8389809131622314,1.6110546588897705,6.566586017608643,0.4747823178768158,2.691051483154297,2.727785587310791,6.198428630828857,8.926214218139648
showcase_23_203_13_SKEBGPEXPE_1_8_1_B_Living_114.148057_22.281298_157.79_9.094576,23,small,Living,SAM_LoRA_cpu,Ours_guard_selected,0.5397940074906367,0.7011249619945272,0.2504148148148148,B0_identity,0.03583603604279686,0.0,0.2504148148148148,0,0.0,0,0.0,0.0,0.0,0.0,0.0,0.0,0.0,6.198428630828857,6.198428630828857
